target,outer_fold,inner_fold,config_id,selection_metric,selection_metric_value,final_train_loss,hidden_dim,dropout,learning_rate,weight_decay,batch_size,threshold,activation,hamming_loss,exact_match,precision_micro,recall_micro,f1_micro,f1_macro
GDS_R1,1,1,1,f1_macro,0.3055555555555555,0.28275332020110444,32,0.3,0.001,0.0,32,0.5,relu,0.10256410256410256,0.8461538461538461,0.8461538461538461,0.8461538461538461,0.8461538461538461,0.3055555555555555
GDS_R1,1,2,1,f1_macro,0.3054545454545455,0.30228152071069553,32,0.3,0.001,0.0,32,0.5,relu,0.1029082774049217,0.8456375838926175,0.8456375838926175,0.8456375838926175,0.8456375838926175,0.3054545454545455
GDS_R1,1,3,1,f1_macro,0.3060109289617486,0.2866343266800221,32,0.3,0.001,0.0,32,0.5,relu,0.10101010101010101,0.8484848484848485,0.8484848484848485,0.8484848484848485,0.8484848484848486,0.3060109289617486
GDS_R1,1,1,2,f1_macro,0.3077858880778589,0.3322446363813737,16,0.3,0.001,0.0,32,0.5,relu,0.09810479375696766,0.8461538461538461,0.8576271186440678,0.8461538461538461,0.8518518518518519,0.3077858880778589
GDS_R1,1,2,2,f1_macro,0.3054545454545455,0.3052418239964735,16,0.3,0.001,0.0,32,0.5,relu,0.1029082774049217,0.8456375838926175,0.8456375838926175,0.8456375838926175,0.8456375838926175,0.3054545454545455
GDS_R1,1,3,2,f1_macro,0.45697167755991286,0.35591764136574777,16,0.3,0.001,0.0,32,0.5,relu,0.09539842873176206,0.8552188552188552,0.8581081081081081,0.8552188552188552,0.8566610455311973,0.45697167755991286
GDS_R1,1,1,3,f1_macro,0.3055555555555555,0.224755398215366,64,0.3,0.001,0.0,32,0.5,relu,0.10256410256410256,0.8461538461538461,0.8461538461538461,0.8461538461538461,0.8461538461538461,0.3055555555555555
GDS_R1,1,2,3,f1_macro,0.3054545454545455,0.24061100714958755,64,0.3,0.001,0.0,32,0.5,relu,0.1029082774049217,0.8456375838926175,0.8456375838926175,0.8456375838926175,0.8456375838926175,0.3054545454545455
GDS_R1,1,3,3,f1_macro,0.3060109289617486,0.2266236770292822,64,0.3,0.001,0.0,32,0.5,relu,0.10101010101010101,0.8484848484848485,0.8484848484848485,0.8484848484848485,0.8484848484848486,0.3060109289617486
GDS_R1,1,1,4,f1_macro,0.3055555555555555,0.26536651879799467,32,0.2,0.001,0.0,32,0.5,relu,0.10256410256410256,0.8461538461538461,0.8461538461538461,0.8461538461538461,0.8461538461538461,0.3055555555555555
GDS_R1,1,2,4,f1_macro,0.3054545454545455,0.28287624567747116,32,0.2,0.001,0.0,32,0.5,relu,0.1029082774049217,0.8456375838926175,0.8456375838926175,0.8456375838926175,0.8456375838926175,0.3054545454545455
GDS_R1,1,3,4,f1_macro,0.3060109289617486,0.2727228246841399,32,0.2,0.001,0.0,32,0.5,relu,0.10101010101010101,0.8484848484848485,0.8484848484848485,0.8484848484848485,0.8484848484848486,0.3060109289617486
GDS_R1,1,1,5,f1_macro,0.3055555555555555,0.2629305047648294,32,0.5,0.001,0.0,32,0.5,relu,0.10256410256410256,0.8461538461538461,0.8461538461538461,0.8461538461538461,0.8461538461538461,0.3055555555555555
GDS_R1,1,2,5,f1_macro,0.3054545454545455,0.2818432045262932,32,0.5,0.001,0.0,32,0.5,relu,0.1029082774049217,0.8456375838926175,0.8456375838926175,0.8456375838926175,0.8456375838926175,0.3054545454545455
GDS_R1,1,3,5,f1_macro,0.3060109289617486,0.3045373853027721,32,0.5,0.001,0.0,32,0.5,relu,0.10101010101010101,0.8484848484848485,0.8484848484848485,0.8484848484848485,0.8484848484848486,0.3060109289617486
GDS_R1,1,1,6,f1_macro,0.4216791979949875,0.18743242813008174,32,0.3,0.01,0.0,32,0.5,relu,0.08249721293199554,0.8695652173913043,0.8813559322033898,0.8695652173913043,0.8754208754208753,0.4216791979949875
GDS_R1,1,2,6,f1_macro,0.4414644529587058,0.2071690204359541,32,0.3,0.01,0.0,32,0.5,relu,0.07158836689038031,0.8691275167785235,0.9119718309859155,0.8691275167785235,0.8900343642611684,0.4414644529587058
GDS_R1,1,3,6,f1_macro,0.5048923679060665,0.16249668143901794,32,0.3,0.01,0.0,32,0.5,relu,0.07519640852974187,0.8855218855218855,0.8885135135135135,0.8855218855218855,0.8870151770657673,0.5048923679060665
GDS_R1,1,1,7,f1_macro,0.3055555555555555,0.2923415812624603,32,0.3,0.001,0.0001,32,0.5,relu,0.10256410256410256,0.8461538461538461,0.8461538461538461,0.8461538461538461,0.8461538461538461,0.3055555555555555
GDS_R1,1,2,7,f1_macro,0.3054545454545455,0.25432453259525684,32,0.3,0.001,0.0001,32,0.5,relu,0.1029082774049217,0.8456375838926175,0.8456375838926175,0.8456375838926175,0.8456375838926175,0.3054545454545455
GDS_R1,1,3,7,f1_macro,0.3060109289617486,0.25603148301242784,32,0.3,0.001,0.0001,32,0.5,relu,0.10101010101010101,0.8484848484848485,0.8484848484848485,0.8484848484848485,0.8484848484848486,0.3060109289617486
GDS_R1,1,1,8,f1_macro,0.3055555555555555,0.22027870146166376,32,0.3,0.001,0.0,16,0.5,relu,0.10256410256410256,0.8461538461538461,0.8461538461538461,0.8461538461538461,0.8461538461538461,0.3055555555555555
GDS_R1,1,2,8,f1_macro,0.3054545454545455,0.2418291440746128,32,0.3,0.001,0.0,16,0.5,relu,0.1029082774049217,0.8456375838926175,0.8456375838926175,0.8456375838926175,0.8456375838926175,0.3054545454545455
GDS_R1,1,3,8,f1_macro,0.3060109289617486,0.2248703529075462,32,0.3,0.001,0.0,16,0.5,relu,0.10101010101010101,0.8484848484848485,0.8484848484848485,0.8484848484848485,0.8484848484848486,0.3060109289617486
GDS_R1,1,1,9,f1_macro,0.6833333333333332,0.2692655705604233,32,0.3,0.001,0.0,32,0.4,relu,0.09364548494983277,0.8461538461538461,0.8391167192429022,0.8896321070234113,0.8636363636363635,0.6833333333333332
GDS_R1,1,2,9,f1_macro,0.5693434343434344,0.2782784328364686,32,0.3,0.001,0.0,32,0.4,relu,0.1017897091722595,0.8456375838926175,0.8349514563106796,0.8657718120805369,0.8500823723228995,0.5693434343434344
GDS_R1,1,3,9,f1_macro,0.484462107412927,0.2575614019554464,32,0.3,0.001,0.0,32,0.4,relu,0.10101010101010101,0.8484848484848485,0.839344262295082,0.8619528619528619,0.8504983388704319,0.484462107412927
GDS_R1,1,1,10,f1_macro,0.31004901960784315,0.27676419400367414,32,0.3,0.001,0.0,32,0.6,relu,0.09364548494983277,0.8461538461538461,0.8694158075601375,0.8461538461538461,0.8576271186440678,0.31004901960784315
GDS_R1,1,2,10,f1_macro,0.31168831168831174,0.2796295701257335,32,0.3,0.001,0.0,32,0.6,relu,0.09060402684563758,0.8456375838926175,0.8780487804878049,0.8456375838926175,0.8615384615384615,0.31168831168831174
GDS_R1,1,3,10,f1_macro,0.31053604436229204,0.2790857297391748,32,0.3,0.001,0.0,32,0.6,relu,0.0920314253647587,0.8484848484848485,0.8719723183391004,0.8484848484848485,0.8600682593856654,0.31053604436229204
GDS_R1,1,1,11,f1_macro,0.3055555555555555,0.2710009212754354,32,0.3,0.001,0.0,32,0.5,tanh,0.10256410256410256,0.8461538461538461,0.8461538461538461,0.8461538461538461,0.8461538461538461,0.3055555555555555
GDS_R1,1,2,11,f1_macro,0.30656934306569344,0.30256842966847775,32,0.3,0.001,0.0,32,0.5,tanh,0.10067114093959731,0.8456375838926175,0.8513513513513513,0.8456375838926175,0.8484848484848485,0.30656934306569344
GDS_R1,1,3,11,f1_macro,0.3060109289617486,0.2912091305807008,32,0.3,0.001,0.0,32,0.5,tanh,0.10101010101010101,0.8484848484848485,0.8484848484848485,0.8484848484848485,0.8484848484848486,0.3060109289617486
GDS_R1,1,1,12,f1_macro,0.3055555555555555,0.245677980404942,32,0.3,0.001,0.0,32,0.5,leaky_relu,0.10256410256410256,0.8461538461538461,0.8461538461538461,0.8461538461538461,0.8461538461538461,0.3055555555555555
GDS_R1,1,2,12,f1_macro,0.3054545454545455,0.28407113174064047,32,0.3,0.001,0.0,32,0.5,leaky_relu,0.1029082774049217,0.8456375838926175,0.8456375838926175,0.8456375838926175,0.8456375838926175,0.3054545454545455
GDS_R1,1,3,12,f1_macro,0.3060109289617486,0.2848548166316558,32,0.3,0.001,0.0,32,0.5,leaky_relu,0.10101010101010101,0.8484848484848485,0.8484848484848485,0.8484848484848485,0.8484848484848486,0.3060109289617486
GDS_R1,2,1,1,f1_macro,0.3055555555555555,0.28392083930368184,32,0.3,0.001,0.0,32,0.5,relu,0.10256410256410256,0.8461538461538461,0.8461538461538461,0.8461538461538461,0.8461538461538461,0.3055555555555555
GDS_R1,2,2,1,f1_macro,0.3054545454545455,0.3006671071052551,32,0.3,0.001,0.0,32,0.5,relu,0.1029082774049217,0.8456375838926175,0.8456375838926175,0.8456375838926175,0.8456375838926175,0.3054545454545455
GDS_R1,2,3,1,f1_macro,0.3060109289617486,0.2973824508825139,32,0.3,0.001,0.0,32,0.5,relu,0.10101010101010101,0.8484848484848485,0.8484848484848485,0.8484848484848485,0.8484848484848486,0.3060109289617486
GDS_R1,2,1,2,f1_macro,0.3055555555555555,0.3790699959302149,16,0.3,0.001,0.0,32,0.5,relu,0.10256410256410256,0.8461538461538461,0.8461538461538461,0.8461538461538461,0.8461538461538461,0.3055555555555555
GDS_R1,2,2,2,f1_macro,0.3216228216228216,0.32215917790496107,16,0.3,0.001,0.0,32,0.5,relu,0.1029082774049217,0.8456375838926175,0.8456375838926175,0.8456375838926175,0.8456375838926175,0.3216228216228216
GDS_R1,2,3,2,f1_macro,0.3060109289617486,0.2796607230676079,16,0.3,0.001,0.0,32,0.5,relu,0.10101010101010101,0.8484848484848485,0.8484848484848485,0.8484848484848485,0.8484848484848486,0.3060109289617486
GDS_R1,2,1,3,f1_macro,0.3055555555555555,0.22647965460264383,64,0.3,0.001,0.0,32,0.5,relu,0.10256410256410256,0.8461538461538461,0.8461538461538461,0.8461538461538461,0.8461538461538461,0.3055555555555555
GDS_R1,2,2,3,f1_macro,0.3054545454545455,0.2420561436638736,64,0.3,0.001,0.0,32,0.5,relu,0.1029082774049217,0.8456375838926175,0.8456375838926175,0.8456375838926175,0.8456375838926175,0.3054545454545455
GDS_R1,2,3,3,f1_macro,0.3060109289617486,0.2298062682663476,64,0.3,0.001,0.0,32,0.5,relu,0.10101010101010101,0.8484848484848485,0.8484848484848485,0.8484848484848485,0.8484848484848486,0.3060109289617486
GDS_R1,2,1,4,f1_macro,0.3055555555555555,0.26362994824137004,32,0.2,0.001,0.0,32,0.5,relu,0.10256410256410256,0.8461538461538461,0.8461538461538461,0.8461538461538461,0.8461538461538461,0.3055555555555555
GDS_R1,2,2,4,f1_macro,0.3054545454545455,0.29285901864903086,32,0.2,0.001,0.0,32,0.5,relu,0.1029082774049217,0.8456375838926175,0.8456375838926175,0.8456375838926175,0.8456375838926175,0.3054545454545455
GDS_R1,2,3,4,f1_macro,0.3060109289617486,0.2661805181347545,32,0.2,0.001,0.0,32,0.5,relu,0.10101010101010101,0.8484848484848485,0.8484848484848485,0.8484848484848485,0.8484848484848486,0.3060109289617486
GDS_R1,2,1,5,f1_macro,0.3055555555555555,0.29065427800186544,32,0.5,0.001,0.0,32,0.5,relu,0.10256410256410256,0.8461538461538461,0.8461538461538461,0.8461538461538461,0.8461538461538461,0.3055555555555555
GDS_R1,2,2,5,f1_macro,0.3054545454545455,0.28118504213806766,32,0.5,0.001,0.0,32,0.5,relu,0.1029082774049217,0.8456375838926175,0.8456375838926175,0.8456375838926175,0.8456375838926175,0.3054545454545455
GDS_R1,2,3,5,f1_macro,0.3060109289617486,0.2795789269746049,32,0.5,0.001,0.0,32,0.5,relu,0.10101010101010101,0.8484848484848485,0.8484848484848485,0.8484848484848485,0.8484848484848486,0.3060109289617486
GDS_R1,2,1,6,f1_macro,0.505039297272307,0.17418569227477082,32,0.3,0.01,0.0,32,0.5,relu,0.0758082497212932,0.8862876254180602,0.8862876254180602,0.8862876254180602,0.8862876254180602,0.505039297272307
GDS_R1,2,2,6,f1_macro,0.5091338921126155,0.18482751324272795,32,0.3,0.01,0.0,32,0.5,relu,0.06599552572706935,0.889261744966443,0.9106529209621993,0.889261744966443,0.899830220713073,0.5091338921126155
GDS_R1,2,3,6,f1_macro,0.4738396989905406,0.1958410488301186,32,0.3,0.01,0.0,32,0.5,relu,0.07744107744107744,0.8754208754208754,0.8904109589041096,0.8754208754208754,0.8828522920203735,0.4738396989905406
GDS_R1,2,1,7,f1_macro,0.3055555555555555,0.271351427991851,32,0.3,0.001,0.0001,32,0.5,relu,0.10256410256410256,0.8461538461538461,0.8461538461538461,0.8461538461538461,0.8461538461538461,0.3055555555555555
GDS_R1,2,2,7,f1_macro,0.3054545454545455,0.3237713787379681,32,0.3,0.001,0.0001,32,0.5,relu,0.1029082774049217,0.8456375838926175,0.8456375838926175,0.8456375838926175,0.8456375838926175,0.3054545454545455
GDS_R1,2,3,7,f1_macro,0.3060109289617486,0.26298791230024404,32,0.3,0.001,0.0001,32,0.5,relu,0.10101010101010101,0.8484848484848485,0.8484848484848485,0.8484848484848485,0.8484848484848486,0.3060109289617486
GDS_R1,2,1,8,f1_macro,0.3055555555555555,0.22498364478600125,32,0.3,0.001,0.0,16,0.5,relu,0.10256410256410256,0.8461538461538461,0.8461538461538461,0.8461538461538461,0.8461538461538461,0.3055555555555555
GDS_R1,2,2,8,f1_macro,0.3054545454545455,0.2274980052755583,32,0.3,0.001,0.0,16,0.5,relu,0.1029082774049217,0.8456375838926175,0.8456375838926175,0.8456375838926175,0.8456375838926175,0.3054545454545455
GDS_R1,2,3,8,f1_macro,0.3071297989031079,0.21772471384786482,32,0.3,0.001,0.0,16,0.5,relu,0.09876543209876543,0.8484848484848485,0.8542372881355932,0.8484848484848485,0.8513513513513514,0.3071297989031079
GDS_R1,2,1,9,f1_macro,0.5757575757575757,0.2738018409043801,32,0.3,0.001,0.0,32,0.4,relu,0.10367892976588629,0.842809364548495,0.8301282051282052,0.8662207357859532,0.8477905073649754,0.5757575757575757
GDS_R1,2,2,9,f1_macro,0.4532806324110672,0.263609263420905,32,0.3,0.001,0.0,32,0.4,relu,0.10738255033557047,0.8422818791946308,0.827922077922078,0.8557046979865772,0.8415841584158417,0.4532806324110672
GDS_R1,2,3,9,f1_macro,0.6082331511839708,0.28032446656394844,32,0.3,0.001,0.0,32,0.4,relu,0.09652076318742986,0.8484848484848485,0.8392282958199357,0.8787878787878788,0.8585526315789473,0.6082331511839708
GDS_R1,2,1,10,f1_macro,0.30891330891330887,0.24772343928573512,32,0.3,0.001,0.0,32,0.6,relu,0.09587513935340022,0.8461538461538461,0.863481228668942,0.8461538461538461,0.8547297297297297,0.30891330891330887
GDS_R1,2,2,10,f1_macro,0.30647130647130644,0.25942021408337074,32,0.3,0.001,0.0,32,0.6,relu,0.10067114093959731,0.8422818791946308,0.8537414965986394,0.8422818791946308,0.8479729729729729,0.30647130647130644
GDS_R1,2,3,10,f1_macro,0.3071297989031079,0.2689495389185958,32,0.3,0.001,0.0,32,0.6,relu,0.09876543209876543,0.8484848484848485,0.8542372881355932,0.8484848484848485,0.8513513513513514,0.3071297989031079
GDS_R1,2,1,11,f1_macro,0.3055555555555555,0.27831671215405984,32,0.3,0.001,0.0,32,0.5,tanh,0.10256410256410256,0.8461538461538461,0.8461538461538461,0.8461538461538461,0.8461538461538461,0.3055555555555555
GDS_R1,2,2,11,f1_macro,0.3054545454545455,0.2679802285344809,32,0.3,0.001,0.0,32,0.5,tanh,0.1029082774049217,0.8456375838926175,0.8456375838926175,0.8456375838926175,0.8456375838926175,0.3054545454545455
GDS_R1,2,3,11,f1_macro,0.3060109289617486,0.27495707182129425,32,0.3,0.001,0.0,32,0.5,tanh,0.10101010101010101,0.8484848484848485,0.8484848484848485,0.8484848484848485,0.8484848484848486,0.3060109289617486
GDS_R1,2,1,12,f1_macro,0.3055555555555555,0.25831006364662107,32,0.3,0.001,0.0,32,0.5,leaky_relu,0.10256410256410256,0.8461538461538461,0.8461538461538461,0.8461538461538461,0.8461538461538461,0.3055555555555555
GDS_R1,2,2,12,f1_macro,0.3054545454545455,0.28035412898799716,32,0.3,0.001,0.0,32,0.5,leaky_relu,0.1029082774049217,0.8456375838926175,0.8456375838926175,0.8456375838926175,0.8456375838926175,0.3054545454545455
GDS_R1,2,3,12,f1_macro,0.3060109289617486,0.2678542144883618,32,0.3,0.001,0.0,32,0.5,leaky_relu,0.10101010101010101,0.8484848484848485,0.8484848484848485,0.8484848484848485,0.8484848484848486,0.3060109289617486
GDS_R1,3,1,1,f1_macro,0.3055555555555555,0.3293705167532766,32,0.3,0.001,0.0,32,0.5,relu,0.10256410256410256,0.8461538461538461,0.8461538461538461,0.8461538461538461,0.8461538461538461,0.3055555555555555
GDS_R1,3,2,1,f1_macro,0.3055555555555555,0.27149003823997586,32,0.3,0.001,0.0,32,0.5,relu,0.10256410256410256,0.8461538461538461,0.8461538461538461,0.8461538461538461,0.8461538461538461,0.3055555555555555
GDS_R1,3,3,1,f1_macro,0.3054545454545455,0.2684568418906285,32,0.3,0.001,0.0,32,0.5,relu,0.1029082774049217,0.8456375838926175,0.8456375838926175,0.8456375838926175,0.8456375838926175,0.3054545454545455
GDS_R1,3,1,2,f1_macro,0.3055555555555555,0.3686380862590656,16,0.3,0.001,0.0,32,0.5,relu,0.10256410256410256,0.8461538461538461,0.8461538461538461,0.8461538461538461,0.8461538461538461,0.3055555555555555
GDS_R1,3,2,2,f1_macro,0.5277777777777778,0.44316195962417065,16,0.3,0.001,0.0,32,0.5,relu,0.09921962095875139,0.8461538461538461,0.847682119205298,0.8561872909698997,0.8519134775374376,0.5277777777777778
GDS_R1,3,3,2,f1_macro,0.3054545454545455,0.3557750631534934,16,0.3,0.001,0.0,32,0.5,relu,0.1029082774049217,0.8456375838926175,0.8456375838926175,0.8456375838926175,0.8456375838926175,0.3054545454545455
GDS_R1,3,1,3,f1_macro,0.3055555555555555,0.22976142143084974,64,0.3,0.001,0.0,32,0.5,relu,0.10256410256410256,0.8461538461538461,0.8461538461538461,0.8461538461538461,0.8461538461538461,0.3055555555555555
GDS_R1,3,2,3,f1_macro,0.3055555555555555,0.23550992435346696,64,0.3,0.001,0.0,32,0.5,relu,0.10256410256410256,0.8461538461538461,0.8461538461538461,0.8461538461538461,0.8461538461538461,0.3055555555555555
GDS_R1,3,3,3,f1_macro,0.3054545454545455,0.2500680689030268,64,0.3,0.001,0.0,32,0.5,relu,0.1029082774049217,0.8456375838926175,0.8456375838926175,0.8456375838926175,0.8456375838926175,0.3054545454545455
GDS_R1,3,1,4,f1_macro,0.3055555555555555,0.24248941355015166,32,0.2,0.001,0.0,32,0.5,relu,0.10256410256410256,0.8461538461538461,0.8461538461538461,0.8461538461538461,0.8461538461538461,0.3055555555555555
GDS_R1,3,2,4,f1_macro,0.3055555555555555,0.2866872919963632,32,0.2,0.001,0.0,32,0.5,relu,0.10256410256410256,0.8461538461538461,0.8461538461538461,0.8461538461538461,0.8461538461538461,0.3055555555555555
GDS_R1,3,3,4,f1_macro,0.3054545454545455,0.2759577803388487,32,0.2,0.001,0.0,32,0.5,relu,0.1029082774049217,0.8456375838926175,0.8456375838926175,0.8456375838926175,0.8456375838926175,0.3054545454545455
GDS_R1,3,1,5,f1_macro,0.3055555555555555,0.26074663129084474,32,0.5,0.001,0.0,32,0.5,relu,0.10256410256410256,0.8461538461538461,0.8461538461538461,0.8461538461538461,0.8461538461538461,0.3055555555555555
GDS_R1,3,2,5,f1_macro,0.3055555555555555,0.31765348388122355,32,0.5,0.001,0.0,32,0.5,relu,0.10256410256410256,0.8461538461538461,0.8461538461538461,0.8461538461538461,0.8461538461538461,0.3055555555555555
GDS_R1,3,3,5,f1_macro,0.3054545454545455,0.2729448658666483,32,0.5,0.001,0.0,32,0.5,relu,0.1029082774049217,0.8456375838926175,0.8456375838926175,0.8456375838926175,0.8456375838926175,0.3054545454545455
GDS_R1,3,1,6,f1_macro,0.4427577482605945,0.1692750285218908,32,0.3,0.01,0.0,32,0.5,relu,0.08361204013377926,0.8695652173913043,0.8783783783783784,0.8695652173913043,0.8739495798319328,0.4427577482605945
GDS_R1,3,2,6,f1_macro,0.47354748350953285,0.19901511669658137,32,0.3,0.01,0.0,32,0.5,relu,0.06577480490523968,0.8862876254180602,0.9137931034482759,0.8862876254180602,0.8998302207130731,0.47354748350953285
GDS_R1,3,3,6,f1_macro,0.4611420192349161,0.18560499321656881,32,0.3,0.01,0.0,32,0.5,relu,0.07718120805369127,0.87248322147651,0.8934707903780069,0.87248322147651,0.8828522920203735,0.4611420192349161
GDS_R1,3,1,7,f1_macro,0.3055555555555555,0.28669498883300093,32,0.3,0.001,0.0001,32,0.5,relu,0.10256410256410256,0.8461538461538461,0.8461538461538461,0.8461538461538461,0.8461538461538461,0.3055555555555555
GDS_R1,3,2,7,f1_macro,0.3055555555555555,0.2828218010901606,32,0.3,0.001,0.0001,32,0.5,relu,0.10256410256410256,0.8461538461538461,0.8461538461538461,0.8461538461538461,0.8461538461538461,0.3055555555555555
GDS_R1,3,3,7,f1_macro,0.3054545454545455,0.2932075655779312,32,0.3,0.001,0.0001,32,0.5,relu,0.1029082774049217,0.8456375838926175,0.8456375838926175,0.8456375838926175,0.8456375838926175,0.3054545454545455
GDS_R1,3,1,8,f1_macro,0.30834856794637416,0.21135874988645365,32,0.3,0.001,0.0,16,0.5,relu,0.09698996655518395,0.8461538461538461,0.8605442176870748,0.8461538461538461,0.8532883642495784,0.30834856794637416
GDS_R1,3,2,8,f1_macro,0.3055555555555555,0.2311253518340376,32,0.3,0.001,0.0,16,0.5,relu,0.10256410256410256,0.8461538461538461,0.8461538461538461,0.8461538461538461,0.8461538461538461,0.3055555555555555
GDS_R1,3,3,8,f1_macro,0.3054545454545455,0.22562257666452273,32,0.3,0.001,0.0,16,0.5,relu,0.1029082774049217,0.8456375838926175,0.8456375838926175,0.8456375838926175,0.8456375838926175,0.3054545454545455
GDS_R1,3,1,9,f1_macro,0.6132478632478632,0.29789562580773177,32,0.3,0.001,0.0,32,0.4,relu,0.10479375696767002,0.842809364548495,0.8274760383386581,0.8662207357859532,0.8464052287581699,0.6132478632478632
GDS_R1,3,2,9,f1_macro,0.5277777777777778,0.2786283637810392,32,0.3,0.001,0.0,32,0.4,relu,0.10367892976588629,0.8461538461538461,0.8366013071895425,0.8561872909698997,0.8462809917355372,0.5277777777777778
GDS_R1,3,3,9,f1_macro,0.45360269360269356,0.2854099431165485,32,0.3,0.001,0.0,32,0.4,relu,0.10514541387024609,0.8422818791946308,0.8355263157894737,0.8523489932885906,0.8438538205980066,0.45360269360269356
GDS_R1,3,1,10,f1_macro,0.30891330891330887,0.2743189034350154,32,0.3,0.001,0.0,32,0.6,relu,0.09587513935340022,0.8461538461538461,0.863481228668942,0.8461538461538461,0.8547297297297297,0.30891330891330887
GDS_R1,3,2,10,f1_macro,0.30722525804493017,0.2811745655796236,32,0.3,0.001,0.0,32,0.6,relu,0.09921962095875139,0.8461538461538461,0.8547297297297297,0.8461538461538461,0.8504201680672269,0.30722525804493017
GDS_R1,3,3,10,f1_macro,0.3070336391437309,0.2798266600206943,32,0.3,0.001,0.0,32,0.6,relu,0.09955257270693513,0.8422818791946308,0.856655290102389,0.8422818791946308,0.8494077834179358,0.3070336391437309
GDS_R1,3,1,11,f1_macro,0.3055555555555555,0.2859898780658217,32,0.3,0.001,0.0,32,0.5,tanh,0.10256410256410256,0.8461538461538461,0.8461538461538461,0.8461538461538461,0.8461538461538461,0.3055555555555555
GDS_R1,3,2,11,f1_macro,0.3055555555555555,0.2828297563134326,32,0.3,0.001,0.0,32,0.5,tanh,0.10256410256410256,0.8461538461538461,0.8461538461538461,0.8461538461538461,0.8461538461538461,0.3055555555555555
GDS_R1,3,3,11,f1_macro,0.3054545454545455,0.2737517521333535,32,0.3,0.001,0.0,32,0.5,tanh,0.1029082774049217,0.8456375838926175,0.8456375838926175,0.8456375838926175,0.8456375838926175,0.3054545454545455
GDS_R1,3,1,12,f1_macro,0.3055555555555555,0.28115781255603034,32,0.3,0.001,0.0,32,0.5,leaky_relu,0.10256410256410256,0.8461538461538461,0.8461538461538461,0.8461538461538461,0.8461538461538461,0.3055555555555555
GDS_R1,3,2,12,f1_macro,0.3055555555555555,0.28158466530405296,32,0.3,0.001,0.0,32,0.5,leaky_relu,0.10256410256410256,0.8461538461538461,0.8461538461538461,0.8461538461538461,0.8461538461538461,0.3055555555555555
GDS_R1,3,3,12,f1_macro,0.3054545454545455,0.2749600143336931,32,0.3,0.001,0.0,32,0.5,leaky_relu,0.1029082774049217,0.8456375838926175,0.8456375838926175,0.8456375838926175,0.8456375838926175,0.3054545454545455
GDS_R1,4,1,1,f1_macro,0.3055555555555555,0.2702590038928155,32,0.3,0.001,0.0,32,0.5,relu,0.10256410256410256,0.8461538461538461,0.8461538461538461,0.8461538461538461,0.8461538461538461,0.3055555555555555
GDS_R1,4,2,1,f1_macro,0.3055555555555555,0.28190948131495785,32,0.3,0.001,0.0,32,0.5,relu,0.10256410256410256,0.8461538461538461,0.8461538461538461,0.8461538461538461,0.8461538461538461,0.3055555555555555
GDS_R1,4,3,1,f1_macro,0.3054545454545455,0.25141003478729607,32,0.3,0.001,0.0,32,0.5,relu,0.1029082774049217,0.8456375838926175,0.8456375838926175,0.8456375838926175,0.8456375838926175,0.3054545454545455
GDS_R1,4,1,2,f1_macro,0.30834856794637416,0.3513433047175607,16,0.3,0.001,0.0,32,0.5,relu,0.09698996655518395,0.8461538461538461,0.8605442176870748,0.8461538461538461,0.8532883642495784,0.30834856794637416
GDS_R1,4,2,2,f1_macro,0.3055555555555555,0.389619955764943,16,0.3,0.001,0.0,32,0.5,relu,0.10256410256410256,0.8461538461538461,0.8461538461538461,0.8461538461538461,0.8461538461538461,0.3055555555555555
GDS_R1,4,3,2,f1_macro,0.3054545454545455,0.3128969115158387,16,0.3,0.001,0.0,32,0.5,relu,0.1029082774049217,0.8456375838926175,0.8456375838926175,0.8456375838926175,0.8456375838926175,0.3054545454545455
GDS_R1,4,1,3,f1_macro,0.3055555555555555,0.21724741165861614,64,0.3,0.001,0.0,32,0.5,relu,0.10256410256410256,0.8461538461538461,0.8461538461538461,0.8461538461538461,0.8461538461538461,0.3055555555555555
GDS_R1,4,2,3,f1_macro,0.3055555555555555,0.22882270951516664,64,0.3,0.001,0.0,32,0.5,relu,0.10256410256410256,0.8461538461538461,0.8461538461538461,0.8461538461538461,0.8461538461538461,0.3055555555555555
GDS_R1,4,3,3,f1_macro,0.3054545454545455,0.23662288148068267,64,0.3,0.001,0.0,32,0.5,relu,0.1029082774049217,0.8456375838926175,0.8456375838926175,0.8456375838926175,0.8456375838926175,0.3054545454545455
GDS_R1,4,1,4,f1_macro,0.3055555555555555,0.25513422878543335,32,0.2,0.001,0.0,32,0.5,relu,0.10256410256410256,0.8461538461538461,0.8461538461538461,0.8461538461538461,0.8461538461538461,0.3055555555555555
GDS_R1,4,2,4,f1_macro,0.3055555555555555,0.2634044453826182,32,0.2,0.001,0.0,32,0.5,relu,0.10256410256410256,0.8461538461538461,0.8461538461538461,0.8461538461538461,0.8461538461538461,0.3055555555555555
GDS_R1,4,3,4,f1_macro,0.3054545454545455,0.2667755509000957,32,0.2,0.001,0.0,32,0.5,relu,0.1029082774049217,0.8456375838926175,0.8456375838926175,0.8456375838926175,0.8456375838926175,0.3054545454545455
GDS_R1,4,1,5,f1_macro,0.3055555555555555,0.2728351658113438,32,0.5,0.001,0.0,32,0.5,relu,0.10256410256410256,0.8461538461538461,0.8461538461538461,0.8461538461538461,0.8461538461538461,0.3055555555555555
GDS_R1,4,2,5,f1_macro,0.3055555555555555,0.28634863992032894,32,0.5,0.001,0.0,32,0.5,relu,0.10256410256410256,0.8461538461538461,0.8461538461538461,0.8461538461538461,0.8461538461538461,0.3055555555555555
GDS_R1,4,3,5,f1_macro,0.3054545454545455,0.2907496094205308,32,0.5,0.001,0.0,32,0.5,relu,0.1029082774049217,0.8456375838926175,0.8456375838926175,0.8456375838926175,0.8456375838926175,0.3054545454545455
GDS_R1,4,1,6,f1_macro,0.5038236617183985,0.1659610808469742,32,0.3,0.01,0.0,32,0.5,relu,0.07469342251950947,0.8862876254180602,0.889261744966443,0.8862876254180602,0.8877721943048575,0.5038236617183985
GDS_R1,4,2,6,f1_macro,0.45869380831212886,0.18387421699774326,32,0.3,0.01,0.0,32,0.5,relu,0.07803790412486064,0.8695652173913043,0.8934707903780069,0.8695652173913043,0.8813559322033898,0.45869380831212886
GDS_R1,4,3,6,f1_macro,0.5094304388422036,0.1968722155560618,32,0.3,0.01,0.0,32,0.5,relu,0.06487695749440715,0.8859060402684564,0.9166666666666666,0.8859060402684564,0.901023890784983,0.5094304388422036
GDS_R1,4,1,7,f1_macro,0.3055555555555555,0.23486018782384832,32,0.3,0.001,0.0001,32,0.5,relu,0.10256410256410256,0.8461538461538461,0.8461538461538461,0.8461538461538461,0.8461538461538461,0.3055555555555555
GDS_R1,4,2,7,f1_macro,0.3055555555555555,0.273755979597868,32,0.3,0.001,0.0001,32,0.5,relu,0.10256410256410256,0.8461538461538461,0.8461538461538461,0.8461538461538461,0.8461538461538461,0.3055555555555555
GDS_R1,4,3,7,f1_macro,0.3054545454545455,0.25533663773018384,32,0.3,0.001,0.0001,32,0.5,relu,0.1029082774049217,0.8456375838926175,0.8456375838926175,0.8456375838926175,0.8456375838926175,0.3054545454545455
GDS_R1,4,1,8,f1_macro,0.3055555555555555,0.21583931462549086,32,0.3,0.001,0.0,16,0.5,relu,0.10256410256410256,0.8461538461538461,0.8461538461538461,0.8461538461538461,0.8461538461538461,0.3055555555555555
GDS_R1,4,2,8,f1_macro,0.3055555555555555,0.22708913245842086,32,0.3,0.001,0.0,16,0.5,relu,0.10256410256410256,0.8461538461538461,0.8461538461538461,0.8461538461538461,0.8461538461538461,0.3055555555555555
GDS_R1,4,3,8,f1_macro,0.3054545454545455,0.22752508261929388,32,0.3,0.001,0.0,16,0.5,relu,0.1029082774049217,0.8456375838926175,0.8456375838926175,0.8456375838926175,0.8456375838926175,0.3054545454545455
GDS_R1,4,1,9,f1_macro,0.34722222222222215,0.2621123858382754,32,0.3,0.001,0.0,32,0.4,relu,0.10479375696767002,0.8461538461538461,0.8338762214983714,0.8561872909698997,0.8448844884488449,0.34722222222222215
GDS_R1,4,2,9,f1_macro,0.4691919191919192,0.27817357265370174,32,0.3,0.001,0.0,32,0.4,relu,0.10256410256410256,0.8461538461538461,0.8371335504885994,0.8595317725752508,0.8481848184818482,0.4691919191919192
GDS_R1,4,3,9,f1_macro,0.5202693602693603,0.26054917121411963,32,0.3,0.001,0.0,32,0.4,relu,0.1040268456375839,0.8422818791946308,0.8338762214983714,0.8590604026845637,0.8462809917355372,0.5202693602693603
GDS_R1,4,1,10,f1_macro,0.3135068153655514,0.3011270900767053,32,0.3,0.001,0.0,32,0.6,relu,0.08695652173913043,0.8461538461538461,0.887719298245614,0.8461538461538461,0.8664383561643836,0.3135068153655514
GDS_R1,4,2,10,f1_macro,0.3111931119311193,0.2531221421619556,32,0.3,0.001,0.0,32,0.6,relu,0.09141583054626533,0.8461538461538461,0.8754325259515571,0.8461538461538461,0.8605442176870748,0.3111931119311193
GDS_R1,4,3,10,f1_macro,0.30647130647130644,0.26634389979384815,32,0.3,0.001,0.0,32,0.6,relu,0.10067114093959731,0.8422818791946308,0.8537414965986394,0.8422818791946308,0.8479729729729729,0.30647130647130644
GDS_R1,4,1,11,f1_macro,0.3055555555555555,0.2636165980817485,32,0.3,0.001,0.0,32,0.5,tanh,0.10256410256410256,0.8461538461538461,0.8461538461538461,0.8461538461538461,0.8461538461538461,0.3055555555555555
GDS_R1,4,2,11,f1_macro,0.3055555555555555,0.2624939703561952,32,0.3,0.001,0.0,32,0.5,tanh,0.10256410256410256,0.8461538461538461,0.8461538461538461,0.8461538461538461,0.8461538461538461,0.3055555555555555
GDS_R1,4,3,11,f1_macro,0.3054545454545455,0.27579427453187794,32,0.3,0.001,0.0,32,0.5,tanh,0.1029082774049217,0.8456375838926175,0.8456375838926175,0.8456375838926175,0.8456375838926175,0.3054545454545455
GDS_R1,4,1,12,f1_macro,0.3055555555555555,0.26611975264709,32,0.3,0.001,0.0,32,0.5,leaky_relu,0.10256410256410256,0.8461538461538461,0.8461538461538461,0.8461538461538461,0.8461538461538461,0.3055555555555555
GDS_R1,4,2,12,f1_macro,0.3055555555555555,0.2635195134472807,32,0.3,0.001,0.0,32,0.5,leaky_relu,0.10256410256410256,0.8461538461538461,0.8461538461538461,0.8461538461538461,0.8461538461538461,0.3055555555555555
GDS_R1,4,3,12,f1_macro,0.3054545454545455,0.27995798151229934,32,0.3,0.001,0.0,32,0.5,leaky_relu,0.1029082774049217,0.8456375838926175,0.8456375838926175,0.8456375838926175,0.8456375838926175,0.3054545454545455
GDS_R1,5,1,1,f1_macro,0.3055555555555555,0.2864006027903788,32,0.3,0.001,0.0,32,0.5,relu,0.10256410256410256,0.8461538461538461,0.8461538461538461,0.8461538461538461,0.8461538461538461,0.3055555555555555
GDS_R1,5,2,1,f1_macro,0.3055555555555555,0.3118732833183391,32,0.3,0.001,0.0,32,0.5,relu,0.10256410256410256,0.8461538461538461,0.8461538461538461,0.8461538461538461,0.8461538461538461,0.3055555555555555
GDS_R1,5,3,1,f1_macro,0.3054545454545455,0.2518057795272623,32,0.3,0.001,0.0,32,0.5,relu,0.1029082774049217,0.8456375838926175,0.8456375838926175,0.8456375838926175,0.8456375838926175,0.3054545454545455
GDS_R1,5,1,2,f1_macro,0.3055555555555555,0.34471000448942585,16,0.3,0.001,0.0,32,0.5,relu,0.10256410256410256,0.8461538461538461,0.8461538461538461,0.8461538461538461,0.8461538461538461,0.3055555555555555
GDS_R1,5,2,2,f1_macro,0.3055555555555555,0.2823125111248026,16,0.3,0.001,0.0,32,0.5,relu,0.10256410256410256,0.8461538461538461,0.8461538461538461,0.8461538461538461,0.8461538461538461,0.3055555555555555
GDS_R1,5,3,2,f1_macro,0.3054545454545455,0.32475438973178034,16,0.3,0.001,0.0,32,0.5,relu,0.1029082774049217,0.8456375838926175,0.8456375838926175,0.8456375838926175,0.8456375838926175,0.3054545454545455
GDS_R1,5,1,3,f1_macro,0.3055555555555555,0.23596883381730946,64,0.3,0.001,0.0,32,0.5,relu,0.10256410256410256,0.8461538461538461,0.8461538461538461,0.8461538461538461,0.8461538461538461,0.3055555555555555
GDS_R1,5,2,3,f1_macro,0.3055555555555555,0.22537149027164657,64,0.3,0.001,0.0,32,0.5,relu,0.10256410256410256,0.8461538461538461,0.8461538461538461,0.8461538461538461,0.8461538461538461,0.3055555555555555
GDS_R1,5,3,3,f1_macro,0.3054545454545455,0.22608796589350622,64,0.3,0.001,0.0,32,0.5,relu,0.1029082774049217,0.8456375838926175,0.8456375838926175,0.8456375838926175,0.8456375838926175,0.3054545454545455
GDS_R1,5,1,4,f1_macro,0.3055555555555555,0.2476156731346744,32,0.2,0.001,0.0,32,0.5,relu,0.10256410256410256,0.8461538461538461,0.8461538461538461,0.8461538461538461,0.8461538461538461,0.3055555555555555
GDS_R1,5,2,4,f1_macro,0.30834856794637416,0.24351882100904007,32,0.2,0.001,0.0,32,0.5,relu,0.09698996655518395,0.8461538461538461,0.8605442176870748,0.8461538461538461,0.8532883642495784,0.30834856794637416
GDS_R1,5,3,4,f1_macro,0.3054545454545455,0.2607821415000935,32,0.2,0.001,0.0,32,0.5,relu,0.1029082774049217,0.8456375838926175,0.8456375838926175,0.8456375838926175,0.8456375838926175,0.3054545454545455
GDS_R1,5,1,5,f1_macro,0.3055555555555555,0.26726712219080134,32,0.5,0.001,0.0,32,0.5,relu,0.10256410256410256,0.8461538461538461,0.8461538461538461,0.8461538461538461,0.8461538461538461,0.3055555555555555
GDS_R1,5,2,5,f1_macro,0.3055555555555555,0.2753574500481288,32,0.5,0.001,0.0,32,0.5,relu,0.10256410256410256,0.8461538461538461,0.8461538461538461,0.8461538461538461,0.8461538461538461,0.3055555555555555
GDS_R1,5,3,5,f1_macro,0.3059110298598416,0.33627079317601627,32,0.5,0.001,0.0,32,0.5,relu,0.1017897091722595,0.8422818791946308,0.8508474576271187,0.8422818791946308,0.8465430016863407,0.3059110298598416
GDS_R1,5,1,6,f1_macro,0.5175663110267544,0.1924979255427068,32,0.3,0.01,0.0,32,0.5,relu,0.06243032329988852,0.8963210702341137,0.9146757679180887,0.8963210702341137,0.9054054054054054,0.5175663110267544
GDS_R1,5,2,6,f1_macro,0.5050081274234706,0.171522160870346,32,0.3,0.01,0.0,32,0.5,relu,0.06911928651059086,0.8896321070234113,0.9016949152542373,0.8896321070234113,0.8956228956228957,0.5050081274234706
GDS_R1,5,3,6,f1_macro,0.488580674988442,0.17107990234591888,32,0.3,0.01,0.0,32,0.5,relu,0.07270693512304251,0.8825503355704698,0.8976109215017065,0.8825503355704698,0.8900169204737733,0.488580674988442
GDS_R1,5,1,7,f1_macro,0.3055555555555555,0.2700121953858802,32,0.3,0.001,0.0001,32,0.5,relu,0.10256410256410256,0.8461538461538461,0.8461538461538461,0.8461538461538461,0.8461538461538461,0.3055555555555555
GDS_R1,5,2,7,f1_macro,0.3055555555555555,0.25447584396630674,32,0.3,0.001,0.0001,32,0.5,relu,0.10256410256410256,0.8461538461538461,0.8461538461538461,0.8461538461538461,0.8461538461538461,0.3055555555555555
GDS_R1,5,3,7,f1_macro,0.3054545454545455,0.2571746691513221,32,0.3,0.001,0.0001,32,0.5,relu,0.1029082774049217,0.8456375838926175,0.8456375838926175,0.8456375838926175,0.8456375838926175,0.3054545454545455
GDS_R1,5,1,8,f1_macro,0.3055555555555555,0.2370235730505469,32,0.3,0.001,0.0,16,0.5,relu,0.10367892976588629,0.8461538461538461,0.8433333333333334,0.8461538461538461,0.8447412353923205,0.3055555555555555
GDS_R1,5,2,8,f1_macro,0.30834856794637416,0.21519107421488817,32,0.3,0.001,0.0,16,0.5,relu,0.09698996655518395,0.8461538461538461,0.8605442176870748,0.8461538461538461,0.8532883642495784,0.30834856794637416
GDS_R1,5,3,8,f1_macro,0.3054545454545455,0.2218277493248815,32,0.3,0.001,0.0,16,0.5,relu,0.1029082774049217,0.8456375838926175,0.8456375838926175,0.8456375838926175,0.8456375838926175,0.3054545454545455
GDS_R1,5,1,9,f1_macro,0.5207070707070707,0.26946744457561167,32,0.3,0.001,0.0,32,0.4,relu,0.10256410256410256,0.8461538461538461,0.8371335504885994,0.8595317725752508,0.8481848184818482,0.5207070707070707
GDS_R1,5,2,9,f1_macro,0.5627946127946127,0.260660066227218,32,0.3,0.001,0.0,32,0.4,relu,0.10256410256410256,0.8461538461538461,0.8349514563106796,0.862876254180602,0.8486842105263158,0.5627946127946127
GDS_R1,5,3,9,f1_macro,0.3054545454545455,0.26484271804225884,32,0.3,0.001,0.0,32,0.4,relu,0.1029082774049217,0.8456375838926175,0.8456375838926175,0.8456375838926175,0.8456375838926175,0.3054545454545455
GDS_R1,5,1,10,f1_macro,0.30834856794637416,0.269987346464066,32,0.3,0.001,0.0,32,0.6,relu,0.09698996655518395,0.8461538461538461,0.8605442176870748,0.8461538461538461,0.8532883642495784,0.30834856794637416
GDS_R1,5,2,10,f1_macro,0.30948012232415906,0.2497579525763066,32,0.3,0.001,0.0,32,0.6,relu,0.0947603121516165,0.8461538461538461,0.8664383561643836,0.8461538461538461,0.856175972927242,0.30948012232415906
GDS_R1,5,3,10,f1_macro,0.3087330873308733,0.3166455212843458,32,0.3,0.001,0.0,32,0.6,relu,0.09619686800894854,0.8422818791946308,0.8655172413793103,0.8422818791946308,0.8537414965986394,0.3087330873308733
GDS_R1,5,1,11,f1_macro,0.3055555555555555,0.278636424909884,32,0.3,0.001,0.0,32,0.5,tanh,0.10256410256410256,0.8461538461538461,0.8461538461538461,0.8461538461538461,0.8461538461538461,0.3055555555555555
GDS_R1,5,2,11,f1_macro,0.30834856794637416,0.2587827266860048,32,0.3,0.001,0.0,32,0.5,tanh,0.09698996655518395,0.8461538461538461,0.8605442176870748,0.8461538461538461,0.8532883642495784,0.30834856794637416
GDS_R1,5,3,11,f1_macro,0.3054545454545455,0.29697177442021194,32,0.3,0.001,0.0,32,0.5,tanh,0.1029082774049217,0.8456375838926175,0.8456375838926175,0.8456375838926175,0.8456375838926175,0.3054545454545455
GDS_R1,5,1,12,f1_macro,0.3055555555555555,0.28842707355218117,32,0.3,0.001,0.0,32,0.5,leaky_relu,0.10256410256410256,0.8461538461538461,0.8461538461538461,0.8461538461538461,0.8461538461538461,0.3055555555555555
GDS_R1,5,2,12,f1_macro,0.3055555555555555,0.2578748250676559,32,0.3,0.001,0.0,32,0.5,leaky_relu,0.10256410256410256,0.8461538461538461,0.8461538461538461,0.8461538461538461,0.8461538461538461,0.3055555555555555
GDS_R1,5,3,12,f1_macro,0.3054545454545455,0.2679852176968469,32,0.3,0.001,0.0,32,0.5,leaky_relu,0.1029082774049217,0.8456375838926175,0.8456375838926175,0.8456375838926175,0.8456375838926175,0.3054545454545455
GDS_R2,1,1,1,f1_macro,0.2875375375375376,0.4952150722010797,32,0.3,0.001,0.0,32,0.5,relu,0.24749163879598662,0.5852842809364549,0.6410256410256411,0.5852842809364549,0.6118881118881119,0.2875375375375376
GDS_R2,1,2,1,f1_macro,0.24591329068941006,0.5212517896754629,32,0.3,0.001,0.0,32,0.5,relu,0.27740492170022374,0.5805369127516778,0.5844594594594594,0.5805369127516778,0.5824915824915824,0.24591329068941006
GDS_R2,1,3,1,f1_macro,0.2603461249059443,0.5299304069785816,32,0.3,0.001,0.0,32,0.5,relu,0.24803591470258138,0.5824915824915825,0.6407407407407407,0.5824915824915825,0.6102292768959435,0.2603461249059443
GDS_R2,1,1,2,f1_macro,0.2790486564996369,0.5097433827504391,16,0.3,0.001,0.0,32,0.5,relu,0.26421404682274247,0.5852842809364549,0.6076388888888888,0.5852842809364549,0.596252129471891,0.2790486564996369
GDS_R2,1,2,2,f1_macro,0.2562962962962963,0.5345516636867651,16,0.3,0.001,0.0,32,0.5,relu,0.25615212527964204,0.5805369127516778,0.6245487364620939,0.5805369127516778,0.6017391304347827,0.2562962962962963
GDS_R2,1,3,2,f1_macro,0.2999249249249249,0.5259813391283729,16,0.3,0.001,0.0,32,0.5,relu,0.24803591470258138,0.5892255892255892,0.6386861313868614,0.5892255892255892,0.6129597197898424,0.2999249249249249
GDS_R2,1,1,3,f1_macro,0.2638888888888889,0.48071726770961987,64,0.3,0.001,0.0,32,0.5,relu,0.2408026755852843,0.5719063545150501,0.6602316602316602,0.5719063545150501,0.6129032258064515,0.2638888888888889
GDS_R2,1,2,3,f1_macro,0.33111111111111113,0.4823818926843221,64,0.3,0.001,0.0,32,0.5,relu,0.21140939597315436,0.5838926174496645,0.7280334728033473,0.5838926174496645,0.6480446927374302,0.33111111111111113
GDS_R2,1,3,3,f1_macro,0.272419627749577,0.48729035233333085,64,0.3,0.001,0.0,32,0.5,relu,0.21997755331088664,0.5420875420875421,0.7285067873303167,0.5420875420875421,0.6216216216216216,0.272419627749577
GDS_R2,1,1,4,f1_macro,0.2565249813571961,0.4955161469323294,32,0.2,0.001,0.0,32,0.5,relu,0.2552954292084727,0.5752508361204013,0.6277372262773723,0.5752508361204013,0.6003490401396161,0.2565249813571961
GDS_R2,1,2,4,f1_macro,0.3651241695891427,0.5015183741214292,32,0.2,0.001,0.0,32,0.5,relu,0.22818791946308725,0.6073825503355704,0.6753731343283582,0.6073825503355704,0.6395759717314489,0.3651241695891427
GDS_R2,1,3,4,f1_macro,0.3239253148067738,0.5152852893674393,32,0.2,0.001,0.0,32,0.5,relu,0.2255892255892256,0.5791245791245792,0.6889763779527559,0.5892255892255892,0.6352087114337568,0.3239253148067738
GDS_R2,1,1,5,f1_macro,0.24643874643874644,0.5120264561236405,32,0.5,0.001,0.0,32,0.5,relu,0.27647714604236345,0.5785953177257525,0.5864406779661017,0.5785953177257525,0.5824915824915824,0.24643874643874644
GDS_R2,1,2,5,f1_macro,0.25181950509461426,0.5300370970828421,32,0.5,0.001,0.0,32,0.5,relu,0.2651006711409396,0.5805369127516778,0.6070175438596491,0.5805369127516778,0.5934819897084048,0.25181950509461426
GDS_R2,1,3,5,f1_macro,0.262015503875969,0.5257256080956515,32,0.5,0.001,0.0,32,0.5,relu,0.24242424242424243,0.569023569023569,0.6575875486381323,0.569023569023569,0.6101083032490974,0.262015503875969
GDS_R2,1,1,6,f1_macro,0.5707757472790108,0.3911601452266469,32,0.3,0.01,0.0,32,0.5,relu,0.19620958751393533,0.6521739130434783,0.7303370786516854,0.6521739130434783,0.6890459363957597,0.5707757472790108
GDS_R2,1,2,6,f1_macro,0.6259346713892169,0.4280185619456656,32,0.3,0.01,0.0,32,0.5,relu,0.16890380313199105,0.674496644295302,0.788235294117647,0.674496644295302,0.7269439421338156,0.6259346713892169
GDS_R2,1,3,6,f1_macro,0.5749274535467777,0.4152648080533473,32,0.3,0.01,0.0,32,0.5,relu,0.186307519640853,0.632996632996633,0.7673469387755102,0.632996632996633,0.6937269372693726,0.5749274535467777
GDS_R2,1,1,7,f1_macro,0.26004728132387706,0.5095299902082492,32,0.3,0.001,0.0001,32,0.5,relu,0.24414715719063546,0.5518394648829431,0.66,0.5518394648829431,0.6010928961748634,0.26004728132387706
GDS_R2,1,2,7,f1_macro,0.25572801182557275,0.5032492091991757,32,0.3,0.001,0.0001,32,0.5,relu,0.25727069351230425,0.5805369127516778,0.6223021582733813,0.5805369127516778,0.6006944444444444,0.25572801182557275
GDS_R2,1,3,7,f1_macro,0.24643874643874644,0.5071679064177189,32,0.3,0.001,0.0001,32,0.5,relu,0.2760942760942761,0.5824915824915825,0.5864406779661017,0.5824915824915825,0.5844594594594594,0.24643874643874644
GDS_R2,1,1,8,f1_macro,0.3253736356003359,0.4644241386601905,32,0.3,0.001,0.0,16,0.5,relu,0.21739130434782608,0.5551839464882943,0.7280701754385965,0.5551839464882943,0.6299810246679318,0.3253736356003359
GDS_R2,1,2,8,f1_macro,0.3065613342111038,0.49320670902329006,32,0.3,0.001,0.0,16,0.5,relu,0.2348993288590604,0.5906040268456376,0.6666666666666666,0.5906040268456376,0.6263345195729538,0.3065613342111038
GDS_R2,1,3,8,f1_macro,0.2760416666666667,0.4998870689665253,32,0.3,0.001,0.0,16,0.5,relu,0.2132435465768799,0.5353535353535354,0.7535545023696683,0.5353535353535354,0.6259842519685039,0.2760416666666667
GDS_R2,1,1,9,f1_macro,0.35185439916430433,0.49630279871596006,32,0.3,0.001,0.0,32,0.4,relu,0.2954292084726867,0.5752508361204013,0.5508982035928144,0.6153846153846154,0.5813586097946288,0.35185439916430433
GDS_R2,1,2,9,f1_macro,0.35043722608175143,0.5121577170071185,32,0.3,0.001,0.0,32,0.4,relu,0.2897091722595078,0.5805369127516778,0.56,0.610738255033557,0.5842696629213484,0.35043722608175143
GDS_R2,1,3,9,f1_macro,0.31946414499605985,0.5053271014287044,32,0.3,0.001,0.0,32,0.4,relu,0.2828282828282828,0.5824915824915825,0.5718849840255591,0.6026936026936027,0.5868852459016393,0.31946414499605985
GDS_R2,1,1,10,f1_macro,0.2754385964912281,0.5083366943006756,32,0.3,0.001,0.0,32,0.6,relu,0.2140468227424749,0.5250836120401338,0.7584541062801933,0.5250836120401338,0.6205533596837944,0.2754385964912281
GDS_R2,1,2,10,f1_macro,0.28439519852262235,0.49836139570946664,32,0.3,0.001,0.0,32,0.6,relu,0.19910514541387025,0.5167785234899329,0.8191489361702128,0.5167785234899329,0.6337448559670781,0.28439519852262235
GDS_R2,1,3,10,f1_macro,0.276165347405453,0.4986757584153308,32,0.3,0.001,0.0,32,0.6,relu,0.21212121212121213,0.5286195286195287,0.7621359223300971,0.5286195286195287,0.6242544731610339,0.276165347405453
GDS_R2,1,1,11,f1_macro,0.29412160344363736,0.4908545546171044,32,0.3,0.001,0.0,32,0.5,tanh,0.23076923076923078,0.5585284280936454,0.6900826446280992,0.5585284280936454,0.6173752310536045,0.29412160344363736
GDS_R2,1,2,11,f1_macro,0.2545989698307579,0.5249948181561975,32,0.3,0.001,0.0,32,0.5,tanh,0.2595078299776286,0.5805369127516778,0.6178571428571429,0.5805369127516778,0.5986159169550174,0.2545989698307579
GDS_R2,1,3,11,f1_macro,0.25072463768115943,0.5107190181162689,32,0.3,0.001,0.0,32,0.5,tanh,0.2671156004489338,0.5824915824915825,0.6027874564459931,0.5824915824915825,0.5924657534246576,0.25072463768115943
GDS_R2,1,1,12,f1_macro,0.2538226299694189,0.4927584105679969,32,0.3,0.001,0.0,32,0.5,leaky_relu,0.2564102564102564,0.5551839464882943,0.6311787072243346,0.5551839464882943,0.5907473309608541,0.2538226299694189
GDS_R2,1,2,12,f1_macro,0.3178593272171254,0.5073575665486739,32,0.3,0.001,0.0,32,0.5,leaky_relu,0.2360178970917226,0.5939597315436241,0.6629213483146067,0.5939597315436241,0.6265486725663717,0.3178593272171254
GDS_R2,1,3,12,f1_macro,0.2739273927392739,0.4997033639569179,32,0.3,0.001,0.0,32,0.5,leaky_relu,0.21997755331088664,0.5589225589225589,0.7186147186147186,0.5589225589225589,0.6287878787878788,0.2739273927392739
GDS_R2,2,1,1,f1_macro,0.2591760299625468,0.5121193026294227,32,0.3,0.001,0.0,32,0.5,relu,0.2508361204013378,0.5785953177257525,0.6360294117647058,0.5785953177257525,0.605954465849387,0.2591760299625468
GDS_R2,2,2,1,f1_macro,0.31608411480534243,0.5292511654380184,32,0.3,0.001,0.0,32,0.5,relu,0.26174496644295303,0.5973154362416108,0.6095890410958904,0.5973154362416108,0.6033898305084745,0.31608411480534243
GDS_R2,2,3,1,f1_macro,0.24802867383512547,0.5155004426163046,32,0.3,0.001,0.0,32,0.5,relu,0.2727272727272727,0.5824915824915825,0.5924657534246576,0.5824915824915825,0.5874363327674024,0.24802867383512547
GDS_R2,2,1,2,f1_macro,0.24435028248587573,0.5507273486682347,16,0.3,0.001,0.0,32,0.5,relu,0.2809364548494983,0.5785953177257525,0.5785953177257525,0.5785953177257525,0.5785953177257525,0.24435028248587573
GDS_R2,2,2,2,f1_macro,0.2564102564102564,0.5244215486833713,16,0.3,0.001,0.0,32,0.5,relu,0.2595078299776286,0.5704697986577181,0.6204379562043796,0.5704697986577181,0.5944055944055944,0.2564102564102564
GDS_R2,2,3,2,f1_macro,0.2453900709219858,0.5105895094536058,16,0.3,0.001,0.0,32,0.5,relu,0.2783389450056117,0.5824915824915825,0.5824915824915825,0.5824915824915825,0.5824915824915825,0.2453900709219858
GDS_R2,2,1,3,f1_macro,0.27967479674796747,0.48098839351109096,64,0.3,0.001,0.0,32,0.5,relu,0.2140468227424749,0.5752508361204013,0.7257383966244726,0.5752508361204013,0.6417910447761194,0.27967479674796747
GDS_R2,2,2,3,f1_macro,0.27104377104377103,0.47347254701108743,64,0.3,0.001,0.0,32,0.5,relu,0.2225950782997763,0.540268456375839,0.7219730941704036,0.540268456375839,0.618042226487524,0.27104377104377103
GDS_R2,2,3,3,f1_macro,0.2751842751842752,0.47845333584988337,64,0.3,0.001,0.0,32,0.5,relu,0.21885521885521886,0.5656565656565656,0.717948717948718,0.5656565656565656,0.632768361581921,0.2751842751842752
GDS_R2,2,1,4,f1_macro,0.2523705324580598,0.4973265886807642,32,0.2,0.001,0.0,32,0.5,relu,0.26421404682274247,0.5785953177257525,0.6091549295774648,0.5785953177257525,0.5934819897084047,0.2523705324580598
GDS_R2,2,2,4,f1_macro,0.26001511715797426,0.5119004471590055,32,0.2,0.001,0.0,32,0.5,relu,0.2483221476510067,0.5771812080536913,0.6417910447761194,0.5771812080536913,0.607773851590106,0.26001511715797426
GDS_R2,2,3,4,f1_macro,0.24696645253390437,0.4965718189875285,32,0.2,0.001,0.0,32,0.5,relu,0.27497194163860833,0.5824915824915825,0.5884353741496599,0.5824915824915825,0.5854483925549916,0.24696645253390437
GDS_R2,2,1,5,f1_macro,0.2597597597597598,0.5161981185945143,32,0.5,0.001,0.0,32,0.5,relu,0.24972129319955408,0.5785953177257525,0.6383763837638377,0.5785953177257525,0.6070175438596492,0.2597597597597598
GDS_R2,2,2,5,f1_macro,0.24486907289455062,0.5195417610190859,32,0.5,0.001,0.0,32,0.5,relu,0.2796420581655481,0.5805369127516778,0.5805369127516778,0.5805369127516778,0.5805369127516778,0.24486907289455062
GDS_R2,2,3,5,f1_macro,0.26987951807228916,0.5187480731226092,32,0.5,0.001,0.0,32,0.5,relu,0.22783389450056116,0.5656565656565656,0.6942148760330579,0.5656565656565656,0.6233766233766234,0.26987951807228916
GDS_R2,2,1,6,f1_macro,0.5711371197919305,0.4201179729790247,32,0.3,0.01,0.0,32,0.5,relu,0.1705685618729097,0.6622073578595318,0.792,0.6622073578595318,0.7213114754098361,0.5711371197919305
GDS_R2,2,2,6,f1_macro,0.618913987613394,0.4139563431275771,32,0.3,0.01,0.0,32,0.5,relu,0.1789709172259508,0.6241610738255033,0.7804878048780488,0.6442953020134228,0.7058823529411764,0.618913987613394
GDS_R2,2,3,6,f1_macro,0.4759191425858093,0.4071328377404205,32,0.3,0.01,0.0,32,0.5,relu,0.19304152637485972,0.5925925925925926,0.775330396475771,0.5925925925925926,0.6717557251908397,0.4759191425858093
GDS_R2,2,1,7,f1_macro,0.26697530864197533,0.49688047646474437,32,0.3,0.001,0.0001,32,0.5,relu,0.23634336677814938,0.5785953177257525,0.667953667953668,0.5785953177257525,0.6200716845878136,0.26697530864197533
GDS_R2,2,2,7,f1_macro,0.3112727678135931,0.5181651527449589,32,0.3,0.001,0.0001,32,0.5,relu,0.27181208053691275,0.5805369127516778,0.5913621262458472,0.5973154362416108,0.5943238731218699,0.3112727678135931
GDS_R2,2,3,7,f1_macro,0.2914121199353978,0.4948044647423666,32,0.3,0.001,0.0001,32,0.5,relu,0.21548821548821548,0.569023569023569,0.7253218884120172,0.569023569023569,0.6377358490566037,0.2914121199353978
GDS_R2,2,1,8,f1_macro,0.28185654008438815,0.48954807449789606,32,0.3,0.001,0.0,16,0.5,relu,0.2084726867335563,0.5585284280936454,0.7522522522522522,0.5585284280936454,0.6410748560460652,0.28185654008438815
GDS_R2,2,2,8,f1_macro,0.2726517040731505,0.4791562425210172,32,0.3,0.001,0.0,16,0.5,relu,0.2214765100671141,0.5503355704697986,0.7192982456140351,0.5503355704697986,0.6235741444866921,0.2726517040731505
GDS_R2,2,3,8,f1_macro,0.2773333333333334,0.45611930567415515,32,0.3,0.001,0.0,16,0.5,relu,0.20987654320987653,0.5252525252525253,0.7722772277227723,0.5252525252525253,0.6252505010020041,0.2773333333333334
GDS_R2,2,1,9,f1_macro,0.3506520488529652,0.5034996890220321,32,0.3,0.001,0.0,32,0.4,relu,0.2853957636566332,0.5785953177257525,0.5669781931464174,0.6086956521739131,0.5870967741935484,0.3506520488529652
GDS_R2,2,2,9,f1_macro,0.41916944753429736,0.4952907860279083,32,0.3,0.001,0.0,32,0.4,relu,0.2807606263982103,0.5738255033557047,0.5714285714285714,0.6308724832214765,0.5996810207336523,0.41916944753429736
GDS_R2,2,3,9,f1_macro,0.3704627979137783,0.48912726484950464,32,0.3,0.001,0.0,32,0.4,relu,0.2648709315375982,0.5858585858585859,0.5993485342019544,0.6195286195286195,0.609271523178808,0.3704627979137783
GDS_R2,2,1,10,f1_macro,0.2812785388127854,0.4898427185892057,32,0.3,0.001,0.0,32,0.6,relu,0.2040133779264214,0.5150501672240803,0.8020833333333334,0.5150501672240803,0.6272912423625254,0.2812785388127854
GDS_R2,2,2,10,f1_macro,0.2774774774774775,0.5060904756088385,32,0.3,0.001,0.0,32,0.6,relu,0.20917225950782997,0.5167785234899329,0.7817258883248731,0.5167785234899329,0.6222222222222222,0.2774774774774775
GDS_R2,2,3,10,f1_macro,0.27918781725888325,0.49992114265560106,32,0.3,0.001,0.0,32,0.6,relu,0.21099887766554434,0.5555555555555556,0.746606334841629,0.5555555555555556,0.6370656370656371,0.27918781725888325
GDS_R2,2,1,11,f1_macro,0.25686711210096513,0.5050847621525035,32,0.3,0.001,0.0,32,0.5,tanh,0.2552954292084727,0.5785953177257525,0.6268115942028986,0.5785953177257525,0.6017391304347826,0.25686711210096513
GDS_R2,2,2,11,f1_macro,0.2699186991869919,0.49544723901972676,32,0.3,0.001,0.0,32,0.5,tanh,0.22706935123042504,0.5570469798657718,0.70042194092827,0.5570469798657718,0.6205607476635515,0.2699186991869919
GDS_R2,2,3,11,f1_macro,0.24910007199424045,0.5059909226506999,32,0.3,0.001,0.0,32,0.5,tanh,0.27048260381593714,0.5824915824915825,0.596551724137931,0.5824915824915825,0.5894378194207838,0.24910007199424045
GDS_R2,2,1,12,f1_macro,0.27073552425665104,0.49613934735290144,32,0.3,0.001,0.0,32,0.5,leaky_relu,0.22965440356744704,0.5785953177257525,0.6837944664031621,0.5785953177257525,0.6268115942028986,0.27073552425665104
GDS_R2,2,2,12,f1_macro,0.24486907289455062,0.5097833443808075,32,0.3,0.001,0.0,32,0.5,leaky_relu,0.2796420581655481,0.5805369127516778,0.5805369127516778,0.5805369127516778,0.5805369127516778,0.24486907289455062
GDS_R2,2,3,12,f1_macro,0.2551622418879056,0.5016764700911952,32,0.3,0.001,0.0,32,0.5,leaky_relu,0.25813692480359146,0.5824915824915825,0.6200716845878136,0.5824915824915825,0.6006944444444445,0.2551622418879056
GDS_R2,3,1,1,f1_macro,0.24591329068941006,0.5400219763685393,32,0.3,0.001,0.0,32,0.5,relu,0.27759197324414714,0.5785953177257525,0.5844594594594594,0.5785953177257525,0.5815126050420167,0.24591329068941006
GDS_R2,3,2,1,f1_macro,0.24643874643874644,0.5082868461433168,32,0.3,0.001,0.0,32,0.5,relu,0.27628635346756153,0.5805369127516778,0.5864406779661017,0.5805369127516778,0.5834738617200674,0.24643874643874644
GDS_R2,3,3,1,f1_macro,0.24696645253390437,0.5053480598994435,32,0.3,0.001,0.0,32,0.5,relu,0.2751677852348993,0.5805369127516778,0.5884353741496599,0.5805369127516778,0.5844594594594594,0.24696645253390437
GDS_R2,3,1,2,f1_macro,0.36760883690708246,0.5364608292611653,16,0.3,0.001,0.0,32,0.5,relu,0.23522853957636566,0.5986622073578596,0.662962962962963,0.5986622073578596,0.6291739894551845,0.36760883690708246
GDS_R2,3,2,2,f1_macro,0.3112727678135931,0.6017398866177404,16,0.3,0.001,0.0,32,0.5,relu,0.27181208053691275,0.587248322147651,0.5913621262458472,0.5973154362416108,0.5943238731218699,0.3112727678135931
GDS_R2,3,3,2,f1_macro,0.24486907289455062,0.5426849209683225,16,0.3,0.001,0.0,32,0.5,relu,0.2796420581655481,0.5805369127516778,0.5805369127516778,0.5805369127516778,0.5805369127516778,0.24486907289455062
GDS_R2,3,1,3,f1_macro,0.2717825739408473,0.484148000510747,64,0.3,0.001,0.0,32,0.5,relu,0.22630992196209587,0.568561872909699,0.6967213114754098,0.568561872909699,0.6261510128913444,0.2717825739408473
GDS_R2,3,2,3,f1_macro,0.2840136054421769,0.47060191281876174,64,0.3,0.001,0.0,32,0.5,relu,0.20469798657718122,0.5604026845637584,0.7625570776255708,0.5604026845637584,0.6460348162475822,0.2840136054421769
GDS_R2,3,3,3,f1_macro,0.2739273927392739,0.49145375234597494,64,0.3,0.001,0.0,32,0.5,relu,0.2203579418344519,0.5570469798657718,0.7186147186147186,0.5570469798657718,0.6275992438563327,0.2739273927392739
GDS_R2,3,1,4,f1_macro,0.2453900709219858,0.497750662317212,32,0.2,0.001,0.0,32,0.5,relu,0.2787068004459309,0.5785953177257525,0.5824915824915825,0.5785953177257525,0.5805369127516778,0.2453900709219858
GDS_R2,3,2,4,f1_macro,0.24696645253390437,0.5034723589368402,32,0.2,0.001,0.0,32,0.5,relu,0.2751677852348993,0.5805369127516778,0.5884353741496599,0.5805369127516778,0.5844594594594594,0.24696645253390437
GDS_R2,3,3,4,f1_macro,0.24749642346208867,0.502226733482463,32,0.2,0.001,0.0,32,0.5,relu,0.2740492170022371,0.5805369127516778,0.590443686006826,0.5805369127516778,0.5854483925549915,0.24749642346208867
GDS_R2,3,1,5,f1_macro,0.26604795050270685,0.5061654520514828,32,0.5,0.001,0.0,32,0.5,relu,0.23745819397993312,0.5752508361204013,0.6666666666666666,0.5752508361204013,0.6175942549371634,0.26604795050270685
GDS_R2,3,2,5,f1_macro,0.25686711210096513,0.5321315693695541,32,0.5,0.001,0.0,32,0.5,relu,0.2550335570469799,0.5805369127516778,0.6268115942028986,0.5805369127516778,0.6027874564459931,0.25686711210096513
GDS_R2,3,3,5,f1_macro,0.25091174325309995,0.5162039064682109,32,0.5,0.001,0.0,32,0.5,relu,0.2662192393736018,0.5771812080536913,0.6056338028169014,0.5771812080536913,0.5910652920962199,0.25091174325309995
GDS_R2,3,1,6,f1_macro,0.5965564003379129,0.4059177365079022,32,0.3,0.01,0.0,32,0.5,relu,0.1750278706800446,0.6421404682274248,0.7909836065573771,0.6454849498327759,0.7108655616942909,0.5965564003379129
GDS_R2,3,2,6,f1_macro,0.5297255608166728,0.4126186510126794,32,0.3,0.01,0.0,32,0.5,relu,0.18568232662192394,0.6409395973154363,0.764,0.6409395973154363,0.6970802919708029,0.5297255608166728
GDS_R2,3,3,6,f1_macro,0.49157796451914093,0.4221171587955213,32,0.3,0.01,0.0,32,0.5,relu,0.18456375838926176,0.5805369127516778,0.812206572769953,0.5805369127516778,0.6771037181996086,0.49157796451914093
GDS_R2,3,1,7,f1_macro,0.2523705324580598,0.5009102945359761,32,0.3,0.001,0.0001,32,0.5,relu,0.26421404682274247,0.5785953177257525,0.6091549295774648,0.5785953177257525,0.5934819897084047,0.2523705324580598
GDS_R2,3,2,7,f1_macro,0.304736997773938,0.4935192244635954,32,0.3,0.001,0.0001,32,0.5,relu,0.23825503355704697,0.5906040268456376,0.6591760299625468,0.5906040268456376,0.6230088495575222,0.304736997773938
GDS_R2,3,3,7,f1_macro,0.2545989698307579,0.5070299112816752,32,0.3,0.001,0.0001,32,0.5,relu,0.2595078299776286,0.5805369127516778,0.6178571428571429,0.5805369127516778,0.5986159169550174,0.2545989698307579
GDS_R2,3,1,8,f1_macro,0.2795138888888889,0.4622157340081746,32,0.3,0.001,0.0,16,0.5,relu,0.20958751393534003,0.5384615384615384,0.7630331753554502,0.5384615384615384,0.6313725490196079,0.2795138888888889
GDS_R2,3,2,8,f1_macro,0.2708333333333333,0.48075801543454627,32,0.3,0.001,0.0,16,0.5,relu,0.22706935123042504,0.5671140939597316,0.6954732510288066,0.5671140939597316,0.6247689463955638,0.2708333333333333
GDS_R2,3,3,8,f1_macro,0.2780569514237856,0.4738137031120671,32,0.3,0.001,0.0,16,0.5,relu,0.21476510067114093,0.5570469798657718,0.7345132743362832,0.5570469798657718,0.633587786259542,0.2780569514237856
GDS_R2,3,1,9,f1_macro,0.432454961312204,0.5066823151287616,32,0.3,0.001,0.0,32,0.4,relu,0.2787068004459309,0.5785953177257525,0.573134328358209,0.6421404682274248,0.6056782334384857,0.432454961312204
GDS_R2,3,2,9,f1_macro,0.3102285500187336,0.5069553123247283,32,0.3,0.001,0.0,32,0.4,relu,0.2829977628635347,0.5805369127516778,0.572347266881029,0.5973154362416108,0.5845648604269293,0.3102285500187336
GDS_R2,3,3,9,f1_macro,0.35602316702736814,0.5061889893844899,32,0.3,0.001,0.0,32,0.4,relu,0.2841163310961969,0.5805369127516778,0.5683229813664596,0.6140939597315436,0.5903225806451613,0.35602316702736814
GDS_R2,3,1,10,f1_macro,0.28024369016536116,0.5099215737525249,32,0.3,0.001,0.0,32,0.6,relu,0.2084726867335563,0.5384615384615384,0.7666666666666667,0.5384615384615384,0.6326129666011788,0.28024369016536116
GDS_R2,3,2,10,f1_macro,0.2828828828828829,0.5018430381164679,32,0.3,0.001,0.0,32,0.6,relu,0.20246085011185683,0.5268456375838926,0.7969543147208121,0.5268456375838926,0.6343434343434343,0.2828828828828829
GDS_R2,3,3,10,f1_macro,0.2792792792792793,0.507454384261839,32,0.3,0.001,0.0,32,0.6,relu,0.20693512304250558,0.5201342281879194,0.7868020304568528,0.5201342281879194,0.6262626262626263,0.2792792792792793
GDS_R2,3,1,11,f1_macro,0.26604795050270685,0.4993079306695285,32,0.3,0.001,0.0,32,0.5,tanh,0.23745819397993312,0.5752508361204013,0.6666666666666666,0.5752508361204013,0.6175942549371634,0.26604795050270685
GDS_R2,3,2,11,f1_macro,0.2551622418879056,0.49924641148728544,32,0.3,0.001,0.0,32,0.5,tanh,0.2606263982102908,0.5805369127516778,0.6156583629893239,0.5805369127516778,0.5975820379965457,0.2551622418879056
GDS_R2,3,3,11,f1_macro,0.2633181126331811,0.5048577872352984,32,0.3,0.001,0.0,32,0.5,tanh,0.24272930648769575,0.5805369127516778,0.6528301886792452,0.5805369127516778,0.6145648312611013,0.2633181126331811
GDS_R2,3,1,12,f1_macro,0.26633728590250333,0.5019477145783853,32,0.3,0.001,0.0,32,0.5,leaky_relu,0.2608695652173913,0.5752508361204013,0.6164874551971327,0.5752508361204013,0.5951557093425605,0.26633728590250333
GDS_R2,3,2,12,f1_macro,0.26791277258566976,0.5026274879573778,32,0.3,0.001,0.0,32,0.5,leaky_relu,0.2360178970917226,0.5771812080536913,0.669260700389105,0.5771812080536913,0.6198198198198198,0.26791277258566976
GDS_R2,3,3,12,f1_macro,0.26513409961685824,0.4928718633088634,32,0.3,0.001,0.0,32,0.5,leaky_relu,0.23937360178970918,0.5805369127516778,0.6603053435114504,0.5805369127516778,0.6178571428571429,0.26513409961685824
GDS_R2,4,1,1,f1_macro,0.27053140096618356,0.5016250144097474,32,0.3,0.001,0.0,32,0.5,relu,0.22742474916387959,0.5618729096989966,0.6970954356846473,0.5618729096989966,0.6222222222222222,0.27053140096618356
GDS_R2,4,2,1,f1_macro,0.24486907289455062,0.5143596324289664,32,0.3,0.001,0.0,32,0.5,relu,0.2798216276477146,0.5785953177257525,0.5805369127516778,0.5785953177257525,0.5795644891122277,0.24486907289455062
GDS_R2,4,3,1,f1_macro,0.2545989698307579,0.49994192773283125,32,0.3,0.001,0.0,32,0.5,relu,0.2595078299776286,0.5805369127516778,0.6178571428571429,0.5805369127516778,0.5986159169550174,0.2545989698307579
GDS_R2,4,1,2,f1_macro,0.25595238095238093,0.5402412147977245,16,0.3,0.001,0.0,32,0.5,relu,0.2564102564102564,0.5752508361204013,0.6254545454545455,0.5752508361204013,0.5993031358885017,0.25595238095238093
GDS_R2,4,2,2,f1_macro,0.24696645253390437,0.5400201691255297,16,0.3,0.001,0.0,32,0.5,relu,0.2753623188405797,0.5785953177257525,0.5884353741496599,0.5785953177257525,0.5834738617200674,0.24696645253390437
GDS_R2,4,3,2,f1_macro,0.2591760299625468,0.5008825195274226,16,0.3,0.001,0.0,32,0.5,relu,0.2505592841163311,0.5805369127516778,0.6360294117647058,0.5805369127516778,0.607017543859649,0.2591760299625468
GDS_R2,4,1,3,f1_macro,0.27934875749785776,0.47438150923855144,64,0.3,0.001,0.0,32,0.5,relu,0.21070234113712374,0.5451505016722408,0.7546296296296297,0.5451505016722408,0.633009708737864,0.27934875749785776
GDS_R2,4,2,3,f1_macro,0.27692307692307694,0.48080453356506436,64,0.3,0.001,0.0,32,0.5,relu,0.2140468227424749,0.5418060200668896,0.7465437788018433,0.5418060200668896,0.6279069767441859,0.27692307692307694
GDS_R2,4,3,3,f1_macro,0.2708333333333333,0.4729076992707906,64,0.3,0.001,0.0,32,0.5,relu,0.22706935123042504,0.5671140939597316,0.6954732510288066,0.5671140939597316,0.6247689463955638,0.2708333333333333
GDS_R2,4,1,4,f1_macro,0.2597597597597598,0.49573723654850843,32,0.2,0.001,0.0,32,0.5,relu,0.24972129319955408,0.5785953177257525,0.6383763837638377,0.5785953177257525,0.6070175438596492,0.2597597597597598
GDS_R2,4,2,4,f1_macro,0.26917057902973396,0.4918958227738264,32,0.2,0.001,0.0,32,0.5,relu,0.2318840579710145,0.5752508361204013,0.6798418972332015,0.5752508361204013,0.6231884057971013,0.26917057902973396
GDS_R2,4,3,4,f1_macro,0.24910007199424045,0.49603441018723327,32,0.2,0.001,0.0,32,0.5,relu,0.27069351230425054,0.5805369127516778,0.596551724137931,0.5805369127516778,0.5884353741496597,0.24910007199424045
GDS_R2,4,1,5,f1_macro,0.25181950509461426,0.5165562131496729,32,0.5,0.001,0.0,32,0.5,relu,0.2653288740245262,0.5785953177257525,0.6070175438596491,0.5785953177257525,0.5924657534246576,0.25181950509461426
GDS_R2,4,2,5,f1_macro,0.24435028248587573,0.5056437523520771,32,0.5,0.001,0.0,32,0.5,relu,0.2809364548494983,0.5785953177257525,0.5785953177257525,0.5785953177257525,0.5785953177257525,0.24435028248587573
GDS_R2,4,3,5,f1_macro,0.2574404761904762,0.5157045714033885,32,0.5,0.001,0.0,32,0.5,relu,0.2539149888143177,0.5805369127516778,0.6290909090909091,0.5805369127516778,0.6038394415357766,0.2574404761904762
GDS_R2,4,1,6,f1_macro,0.578040706422745,0.4083928525248165,32,0.3,0.01,0.0,32,0.5,relu,0.1939799331103679,0.6387959866220736,0.7431906614785992,0.6387959866220736,0.6870503597122303,0.578040706422745
GDS_R2,4,2,6,f1_macro,0.6484408837686408,0.40699189751591514,32,0.3,0.01,0.0,32,0.5,relu,0.17614269788182832,0.6822742474916388,0.7640449438202247,0.6822742474916388,0.7208480565371025,0.6484408837686408
GDS_R2,4,3,6,f1_macro,0.6350880900689734,0.40445146652368397,32,0.3,0.01,0.0,32,0.5,relu,0.17002237136465326,0.6476510067114094,0.7991803278688525,0.6543624161073825,0.7195571955719559,0.6350880900689734
GDS_R2,4,1,7,f1_macro,0.2759211653813196,0.48914472826162175,32,0.3,0.001,0.0001,32,0.5,relu,0.21516164994425863,0.5384615384615384,0.7453703703703703,0.5384615384615384,0.625242718446602,0.2759211653813196
GDS_R2,4,2,7,f1_macro,0.2716049382716049,0.5064418322377069,32,0.3,0.001,0.0001,32,0.5,relu,0.22408026755852842,0.5518394648829431,0.7112068965517241,0.5518394648829431,0.6214689265536723,0.2716049382716049
GDS_R2,4,3,7,f1_macro,0.24802867383512547,0.49509181735108926,32,0.3,0.001,0.0001,32,0.5,relu,0.27293064876957496,0.5805369127516778,0.5924657534246576,0.5805369127516778,0.5864406779661018,0.24802867383512547
GDS_R2,4,1,8,f1_macro,0.2753246753246753,0.47084342355105147,32,0.3,0.001,0.0,16,0.5,relu,0.21516164994425863,0.5317725752508361,0.75,0.5317725752508361,0.6223091976516635,0.2753246753246753
GDS_R2,4,2,8,f1_macro,0.30557967867998265,0.456179693266375,32,0.3,0.001,0.0,16,0.5,relu,0.2084726867335563,0.5317725752508361,0.7718446601941747,0.5317725752508361,0.6297029702970297,0.30557967867998265
GDS_R2,4,3,8,f1_macro,0.2772108843537415,0.4655099333728038,32,0.3,0.001,0.0,16,0.5,relu,0.21364653243847875,0.5469798657718121,0.7442922374429224,0.5469798657718121,0.6305609284332689,0.2772108843537415
GDS_R2,4,1,9,f1_macro,0.2921841528761371,0.5030385753018173,32,0.3,0.001,0.0,32,0.4,relu,0.29208472686733555,0.5785953177257525,0.5583596214511041,0.5919732441471572,0.5746753246753248,0.2921841528761371
GDS_R2,4,2,9,f1_macro,0.38681635505853573,0.500872898591024,32,0.3,0.001,0.0,32,0.4,relu,0.2853957636566332,0.5785953177257525,0.5653495440729484,0.6220735785953178,0.5923566878980892,0.38681635505853573
GDS_R2,4,3,9,f1_macro,0.3407489342730643,0.4897133319274239,32,0.3,0.001,0.0,32,0.4,relu,0.28859060402684567,0.5805369127516778,0.5617283950617284,0.610738255033557,0.585209003215434,0.3407489342730643
GDS_R2,4,1,10,f1_macro,0.27857829010566765,0.504879177814752,32,0.3,0.001,0.0,32,0.6,relu,0.2040133779264214,0.48494983277591974,0.8333333333333334,0.48494983277591974,0.613107822410148,0.27857829010566765
GDS_R2,4,2,10,f1_macro,0.2789473684210526,0.5016029946368743,32,0.3,0.001,0.0,32,0.6,relu,0.20958751393534003,0.5317725752508361,0.7681159420289855,0.5317725752508361,0.6284584980237155,0.2789473684210526
GDS_R2,4,3,10,f1_macro,0.2728093947606143,0.49477401993745146,32,0.3,0.001,0.0,32,0.6,relu,0.21476510067114093,0.5067114093959731,0.7704081632653061,0.5067114093959731,0.611336032388664,0.2728093947606143
GDS_R2,4,1,11,f1_macro,0.26823529411764707,0.49735920223558766,32,0.3,0.001,0.0,32,0.5,tanh,0.2329988851727982,0.5719063545150501,0.6785714285714286,0.5719063545150501,0.6206896551724137,0.26823529411764707
GDS_R2,4,2,11,f1_macro,0.2654320987654321,0.49678933126243513,32,0.3,0.001,0.0,32,0.5,tanh,0.23857302118171683,0.5752508361204013,0.6640926640926641,0.5752508361204013,0.6164874551971326,0.2654320987654321
GDS_R2,4,3,11,f1_macro,0.25547996976568405,0.4846878898981024,32,0.3,0.001,0.0,32,0.5,tanh,0.2550335570469799,0.5671140939597316,0.6305970149253731,0.5671140939597316,0.597173144876325,0.25547996976568405
GDS_R2,4,1,12,f1_macro,0.24435028248587573,0.5049269945677402,32,0.3,0.001,0.0,32,0.5,leaky_relu,0.2809364548494983,0.5785953177257525,0.5785953177257525,0.5785953177257525,0.5785953177257525,0.24435028248587573
GDS_R2,4,2,12,f1_macro,0.24435028248587573,0.5047678510148321,32,0.3,0.001,0.0,32,0.5,leaky_relu,0.2809364548494983,0.5785953177257525,0.5785953177257525,0.5785953177257525,0.5785953177257525,0.24435028248587573
GDS_R2,4,3,12,f1_macro,0.25347985347985347,0.50599574604162,32,0.3,0.001,0.0,32,0.5,leaky_relu,0.26174496644295303,0.5805369127516778,0.6134751773049646,0.5805369127516778,0.596551724137931,0.25347985347985347
GDS_R2,5,1,1,f1_macro,0.2585949177877429,0.501810833137838,32,0.3,0.001,0.0,32,0.5,relu,0.2511111111111111,0.5766666666666667,0.6360294117647058,0.5766666666666667,0.6048951048951049,0.2585949177877429
GDS_R2,5,2,1,f1_macro,0.2675947409126063,0.5108722729427758,32,0.3,0.001,0.0,32,0.5,relu,0.23522853957636566,0.5785953177257525,0.6705426356589147,0.5785953177257525,0.6211849192100538,0.2675947409126063
GDS_R2,5,3,1,f1_macro,0.26412092283214,0.48940983141005934,32,0.3,0.001,0.0,32,0.5,relu,0.2371364653243848,0.5570469798657718,0.6747967479674797,0.5570469798657718,0.6102941176470588,0.26412092283214
GDS_R2,5,1,2,f1_macro,0.24472573839662445,0.5391178392685039,16,0.3,0.001,0.0,32,0.5,relu,0.28,0.58,0.58,0.58,0.58,0.24472573839662445
GDS_R2,5,2,2,f1_macro,0.2501807664497469,0.533511219216031,16,0.3,0.001,0.0,32,0.5,relu,0.2686733556298774,0.5785953177257525,0.6006944444444444,0.5785953177257525,0.5894378194207835,0.2501807664497469
GDS_R2,5,3,2,f1_macro,0.24486907289455062,0.5401783578582916,16,0.3,0.001,0.0,32,0.5,relu,0.2796420581655481,0.5805369127516778,0.5805369127516778,0.5805369127516778,0.5805369127516778,0.24486907289455062
GDS_R2,5,1,3,f1_macro,0.26452599388379205,0.47344148348723625,64,0.3,0.001,0.0,32,0.5,relu,0.24,0.5766666666666667,0.6603053435114504,0.5766666666666667,0.6156583629893237,0.26452599388379205
GDS_R2,5,2,3,f1_macro,0.27709861450692747,0.4827235794585684,64,0.3,0.001,0.0,32,0.5,relu,0.21739130434782608,0.568561872909699,0.7203389830508474,0.568561872909699,0.6355140186915887,0.27709861450692747
GDS_R2,5,3,3,f1_macro,0.277504105090312,0.472231441228736,64,0.3,0.001,0.0,32,0.5,relu,0.21588366890380314,0.5671140939597316,0.7253218884120172,0.5671140939597316,0.6365348399246704,0.277504105090312
GDS_R2,5,1,4,f1_macro,0.2633181126331811,0.49622197571511645,32,0.2,0.001,0.0,32,0.5,relu,0.24222222222222223,0.5766666666666667,0.6553030303030303,0.5766666666666667,0.6134751773049646,0.2633181126331811
GDS_R2,5,2,4,f1_macro,0.26574500768049153,0.4983460280209481,32,0.2,0.001,0.0,32,0.5,relu,0.23857302118171683,0.5785953177257525,0.6628352490421456,0.5785953177257525,0.6178571428571428,0.26574500768049153
GDS_R2,5,3,4,f1_macro,0.24591329068941006,0.5020921461172215,32,0.2,0.001,0.0,32,0.5,relu,0.27740492170022374,0.5805369127516778,0.5844594594594594,0.5805369127516778,0.5824915824915824,0.24591329068941006
GDS_R2,5,1,5,f1_macro,0.26666666666666666,0.5031769282154901,32,0.5,0.001,0.0,32,0.5,relu,0.23555555555555555,0.5733333333333334,0.671875,0.5733333333333334,0.6187050359712232,0.26666666666666666
GDS_R2,5,2,5,f1_macro,0.28052805280528054,0.5055169394383063,32,0.5,0.001,0.0,32,0.5,relu,0.21181716833890746,0.568561872909699,0.7359307359307359,0.568561872909699,0.6415094339622641,0.28052805280528054
GDS_R2,5,3,5,f1_macro,0.26697530864197533,0.5297318319346949,32,0.5,0.001,0.0,32,0.5,relu,0.2360178970917226,0.5805369127516778,0.667953667953668,0.5805369127516778,0.6211849192100538,0.26697530864197533
GDS_R2,5,1,6,f1_macro,0.5853823088455772,0.39322434632822095,32,0.3,0.01,0.0,32,0.5,relu,0.1988888888888889,0.6033333333333334,0.7489711934156379,0.6066666666666667,0.6703499079189686,0.5853823088455772
GDS_R2,5,2,6,f1_macro,0.621472028317732,0.4222215842642513,32,0.3,0.01,0.0,32,0.5,relu,0.16499442586399107,0.6822742474916388,0.7937743190661478,0.6822742474916388,0.7338129496402878,0.621472028317732
GDS_R2,5,3,6,f1_macro,0.586668657905217,0.40130376397866835,32,0.3,0.01,0.0,32,0.5,relu,0.18568232662192394,0.6610738255033557,0.7519083969465649,0.6610738255033557,0.7035714285714285,0.586668657905217
GDS_R2,5,1,7,f1_macro,0.2574404761904762,0.49295980786558374,32,0.3,0.001,0.0001,32,0.5,relu,0.25333333333333335,0.5766666666666667,0.6313868613138686,0.5766666666666667,0.602787456445993,0.2574404761904762
GDS_R2,5,2,7,f1_macro,0.25292397660818716,0.5029778612098567,32,0.3,0.001,0.0001,32,0.5,relu,0.2630992196209587,0.5785953177257525,0.6113074204946997,0.5785953177257525,0.5945017182130584,0.25292397660818716
GDS_R2,5,3,7,f1_macro,0.24643874643874644,0.49527651957160046,32,0.3,0.001,0.0001,32,0.5,relu,0.27628635346756153,0.5805369127516778,0.5864406779661017,0.5805369127516778,0.5834738617200674,0.24643874643874644
GDS_R2,5,1,8,f1_macro,0.27109974424552435,0.4871712319016257,32,0.3,0.001,0.0,16,0.5,relu,0.22777777777777777,0.53,0.7130044843049327,0.53,0.6080305927342257,0.27109974424552435
GDS_R2,5,2,8,f1_macro,0.39191919191919194,0.4675904503434797,32,0.3,0.001,0.0,16,0.5,relu,0.19732441471571907,0.5919732441471572,0.7629310344827587,0.5919732441471572,0.6666666666666667,0.39191919191919194
GDS_R2,5,3,8,f1_macro,0.27763496143958866,0.4822574752400037,32,0.3,0.001,0.0,16,0.5,relu,0.21252796420581654,0.5436241610738255,0.75,0.5436241610738255,0.6303501945525292,0.27763496143958866
GDS_R2,5,1,9,f1_macro,0.34349117049538985,0.4943266726618436,32,0.3,0.001,0.0,32,0.4,relu,0.27555555555555555,0.58,0.5833333333333334,0.6066666666666667,0.5947712418300655,0.34349117049538985
GDS_R2,5,2,9,f1_macro,0.32859936673496,0.5115250332100335,32,0.3,0.001,0.0,32,0.4,relu,0.2842809364548495,0.5785953177257525,0.569620253164557,0.6020066889632107,0.5853658536585367,0.32859936673496
GDS_R2,5,3,9,f1_macro,0.252195080220558,0.49976194223298853,32,0.3,0.001,0.0,32,0.4,relu,0.29082774049217003,0.5805369127516778,0.5612903225806452,0.5838926174496645,0.5723684210526315,0.252195080220558
GDS_R2,5,1,10,f1_macro,0.27022222222222225,0.4980801121274031,32,0.3,0.001,0.0,32,0.6,relu,0.21888888888888888,0.5066666666666667,0.7562189054726368,0.5066666666666667,0.6067864271457086,0.27022222222222225
GDS_R2,5,2,10,f1_macro,0.27791563275434245,0.49990539905618264,32,0.3,0.001,0.0,32,0.6,relu,0.21516164994425863,0.5618729096989966,0.7304347826086957,0.5618729096989966,0.6351606805293006,0.27791563275434245
GDS_R2,5,3,10,f1_macro,0.27516158818097874,0.5481342350899278,32,0.3,0.001,0.0,32,0.6,relu,0.21029082774049218,0.5,0.7925531914893617,0.5,0.6131687242798354,0.27516158818097874
GDS_R2,5,1,11,f1_macro,0.2621212121212121,0.49949652810192585,32,0.3,0.001,0.0,32,0.5,tanh,0.24444444444444444,0.5766666666666667,0.650375939849624,0.5766666666666667,0.6113074204946997,0.2621212121212121
GDS_R2,5,2,11,f1_macro,0.26666666666666666,0.49744226143112946,32,0.3,0.001,0.0,32,0.5,tanh,0.23968784838350055,0.5752508361204013,0.6615384615384615,0.5752508361204013,0.6153846153846154,0.26666666666666666
GDS_R2,5,3,11,f1_macro,0.2585949177877429,0.5022113241615996,32,0.3,0.001,0.0,32,0.5,tanh,0.2516778523489933,0.5805369127516778,0.6336996336996337,0.5805369127516778,0.6059544658493871,0.2585949177877429
GDS_R2,5,1,12,f1_macro,0.26666666666666666,0.5004546226967919,32,0.3,0.001,0.0,32,0.5,leaky_relu,0.23222222222222222,0.5533333333333333,0.6887966804979253,0.5533333333333333,0.6136783733826248,0.26666666666666666
GDS_R2,5,2,12,f1_macro,0.24435028248587573,0.5143652920140869,32,0.3,0.001,0.0,32,0.5,leaky_relu,0.2809364548494983,0.5785953177257525,0.5785953177257525,0.5785953177257525,0.5785953177257525,0.24435028248587573
GDS_R2,5,3,12,f1_macro,0.25181950509461426,0.504283762734402,32,0.3,0.001,0.0,32,0.5,leaky_relu,0.2651006711409396,0.5805369127516778,0.6070175438596491,0.5805369127516778,0.5934819897084048,0.25181950509461426
GDS_R3,1,1,1,f1_macro,0.4583333333333333,0.3416585504507818,32,0.3,0.001,0.0,32,0.5,relu,0.15384615384615385,0.8461538461538461,0.8461538461538461,0.8461538461538461,0.8461538461538461,0.4583333333333333
GDS_R3,1,2,1,f1_macro,0.4581818181818182,0.33836722914004486,32,0.3,0.001,0.0,32,0.5,relu,0.15436241610738255,0.8456375838926175,0.8456375838926175,0.8456375838926175,0.8456375838926175,0.4581818181818182
GDS_R3,1,3,1,f1_macro,0.4590163934426229,0.33523606025992925,32,0.3,0.001,0.0,32,0.5,relu,0.15151515151515152,0.8484848484848485,0.8484848484848485,0.8484848484848485,0.8484848484848486,0.4590163934426229
GDS_R3,1,1,2,f1_macro,0.4583333333333333,0.3990810339691258,16,0.3,0.001,0.0,32,0.5,relu,0.15384615384615385,0.8461538461538461,0.8461538461538461,0.8461538461538461,0.8461538461538461,0.4583333333333333
GDS_R3,1,2,2,f1_macro,0.4581818181818182,0.33507900690072334,16,0.3,0.001,0.0,32,0.5,relu,0.15436241610738255,0.8456375838926175,0.8456375838926175,0.8456375838926175,0.8456375838926175,0.4581818181818182
GDS_R3,1,3,2,f1_macro,0.4615384615384615,0.3823200106321268,16,0.3,0.001,0.0,32,0.5,relu,0.14646464646464646,0.8484848484848485,0.8571428571428571,0.8484848484848485,0.8527918781725888,0.4615384615384615
GDS_R3,1,1,3,f1_macro,0.46083788706739526,0.2978022454165611,64,0.3,0.001,0.0,32,0.5,relu,0.1488294314381271,0.8461538461538461,0.8547297297297297,0.8461538461538461,0.8504201680672269,0.46083788706739526
GDS_R3,1,2,3,f1_macro,0.4581818181818182,0.3069484845903896,64,0.3,0.001,0.0,32,0.5,relu,0.15436241610738255,0.8456375838926175,0.8456375838926175,0.8456375838926175,0.8456375838926175,0.4581818181818182
GDS_R3,1,3,3,f1_macro,0.4590163934426229,0.30444632787600634,64,0.3,0.001,0.0,32,0.5,relu,0.15151515151515152,0.8484848484848485,0.8484848484848485,0.8484848484848485,0.8484848484848486,0.4590163934426229
GDS_R3,1,1,4,f1_macro,0.4583333333333333,0.3225054370505469,32,0.2,0.001,0.0,32,0.5,relu,0.15384615384615385,0.8461538461538461,0.8461538461538461,0.8461538461538461,0.8461538461538461,0.4583333333333333
GDS_R3,1,2,4,f1_macro,0.4581818181818182,0.3075539424715426,32,0.2,0.001,0.0,32,0.5,relu,0.15436241610738255,0.8456375838926175,0.8456375838926175,0.8456375838926175,0.8456375838926175,0.4581818181818182
GDS_R3,1,3,4,f1_macro,0.4590163934426229,0.31070806048623284,32,0.2,0.001,0.0,32,0.5,relu,0.15151515151515152,0.8484848484848485,0.8484848484848485,0.8484848484848485,0.8484848484848486,0.4590163934426229
GDS_R3,1,1,5,f1_macro,0.4583333333333333,0.3304615117421671,32,0.5,0.001,0.0,32,0.5,relu,0.15384615384615385,0.8461538461538461,0.8461538461538461,0.8461538461538461,0.8461538461538461,0.4583333333333333
GDS_R3,1,2,5,f1_macro,0.4581818181818182,0.37144692032129173,32,0.5,0.001,0.0,32,0.5,relu,0.15436241610738255,0.8456375838926175,0.8456375838926175,0.8456375838926175,0.8456375838926175,0.4581818181818182
GDS_R3,1,3,5,f1_macro,0.4590163934426229,0.32750606551841277,32,0.5,0.001,0.0,32,0.5,relu,0.15151515151515152,0.8484848484848485,0.8484848484848485,0.8484848484848485,0.8484848484848486,0.4590163934426229
GDS_R3,1,1,6,f1_macro,0.8030356601676938,0.26143525365520925,32,0.3,0.01,0.0,32,0.5,relu,0.08862876254180602,0.8996655518394648,0.912751677852349,0.9096989966555183,0.9112227805695143,0.8030356601676938
GDS_R3,1,2,6,f1_macro,0.8398464491362765,0.25821786338850955,32,0.3,0.01,0.0,32,0.5,relu,0.07046979865771812,0.9295302013422819,0.9295302013422819,0.9295302013422819,0.9295302013422819,0.8398464491362765
GDS_R3,1,3,6,f1_macro,0.7746932359801237,0.21864892774490854,32,0.3,0.01,0.0,32,0.5,relu,0.09932659932659933,0.898989898989899,0.8993288590604027,0.9023569023569024,0.9008403361344537,0.7746932359801237
GDS_R3,1,1,7,f1_macro,0.4583333333333333,0.3257521942383101,32,0.3,0.001,0.0001,32,0.5,relu,0.15384615384615385,0.8461538461538461,0.8461538461538461,0.8461538461538461,0.8461538461538461,0.4583333333333333
GDS_R3,1,2,7,f1_macro,0.4581818181818182,0.3311053820504438,32,0.3,0.001,0.0001,32,0.5,relu,0.15436241610738255,0.8456375838926175,0.8456375838926175,0.8456375838926175,0.8456375838926175,0.4581818181818182
GDS_R3,1,3,7,f1_macro,0.4590163934426229,0.34553460459813,32,0.3,0.001,0.0001,32,0.5,relu,0.15151515151515152,0.8484848484848485,0.8484848484848485,0.8484848484848485,0.8484848484848486,0.4590163934426229
GDS_R3,1,1,8,f1_macro,0.4583333333333333,0.3063784662665439,32,0.3,0.001,0.0,16,0.5,relu,0.15384615384615385,0.8461538461538461,0.8461538461538461,0.8461538461538461,0.8461538461538461,0.4583333333333333
GDS_R3,1,2,8,f1_macro,0.5381818181818182,0.31011733892780025,32,0.3,0.001,0.0,16,0.5,relu,0.1476510067114094,0.8456375838926175,0.847682119205298,0.8590604026845637,0.8533333333333333,0.5381818181818182
GDS_R3,1,3,8,f1_macro,0.4590163934426229,0.2934578280752428,32,0.3,0.001,0.0,16,0.5,relu,0.15151515151515152,0.8484848484848485,0.8484848484848485,0.8484848484848485,0.8484848484848486,0.4590163934426229
GDS_R3,1,1,9,f1_macro,0.6513157894736842,0.32688937367511395,32,0.3,0.001,0.0,32,0.4,relu,0.1354515050167224,0.8461538461538461,0.8516129032258064,0.882943143812709,0.8669950738916257,0.6513157894736842
GDS_R3,1,2,9,f1_macro,0.6063299663299664,0.3356990986222389,32,0.3,0.001,0.0,32,0.4,relu,0.14093959731543623,0.8456375838926175,0.8496732026143791,0.87248322147651,0.8609271523178809,0.6063299663299664
GDS_R3,1,3,9,f1_macro,0.607164541590771,0.30703041496588357,32,0.3,0.001,0.0,32,0.4,relu,0.13973063973063973,0.8451178451178452,0.8496732026143791,0.8754208754208754,0.8623548922056384,0.607164541590771
GDS_R3,1,1,10,f1_macro,0.4659300184162063,0.31458205350306856,32,0.3,0.001,0.0,32,0.6,relu,0.13879598662207357,0.8461538461538461,0.8724137931034482,0.8461538461538461,0.8590831918505942,0.4659300184162063
GDS_R3,1,2,10,f1_macro,0.46840148698884754,0.32035083178705814,32,0.3,0.001,0.0,32,0.6,relu,0.1342281879194631,0.8456375838926175,0.8811188811188811,0.8456375838926175,0.863013698630137,0.46840148698884754
GDS_R3,1,3,10,f1_macro,0.4632352941176471,0.33348051464837203,32,0.3,0.001,0.0,32,0.6,relu,0.14309764309764308,0.8484848484848485,0.863013698630137,0.8484848484848485,0.8556876061120544,0.4632352941176471
GDS_R3,1,1,11,f1_macro,0.4583333333333333,0.3383409834709488,32,0.3,0.001,0.0,32,0.5,tanh,0.15384615384615385,0.8461538461538461,0.8461538461538461,0.8461538461538461,0.8461538461538461,0.4583333333333333
GDS_R3,1,2,11,f1_macro,0.4581818181818182,0.35592944520031844,32,0.3,0.001,0.0,32,0.5,tanh,0.15436241610738255,0.8456375838926175,0.8456375838926175,0.8456375838926175,0.8456375838926175,0.4581818181818182
GDS_R3,1,3,11,f1_macro,0.4590163934426229,0.32747613445198914,32,0.3,0.001,0.0,32,0.5,tanh,0.15151515151515152,0.8484848484848485,0.8484848484848485,0.8484848484848485,0.8484848484848486,0.4590163934426229
GDS_R3,1,1,12,f1_macro,0.4583333333333333,0.318783150600786,32,0.3,0.001,0.0,32,0.5,leaky_relu,0.15384615384615385,0.8461538461538461,0.8461538461538461,0.8461538461538461,0.8461538461538461,0.4583333333333333
GDS_R3,1,2,12,f1_macro,0.4615384615384615,0.3239772899838902,32,0.3,0.001,0.0,32,0.5,leaky_relu,0.1476510067114094,0.8456375838926175,0.8571428571428571,0.8456375838926175,0.8513513513513513,0.4615384615384615
GDS_R3,1,3,12,f1_macro,0.4590163934426229,0.3430975675333285,32,0.3,0.001,0.0,32,0.5,leaky_relu,0.15151515151515152,0.8484848484848485,0.8484848484848485,0.8484848484848485,0.8484848484848486,0.4590163934426229
GDS_R3,2,1,1,f1_macro,0.4583333333333333,0.3251537363318836,32,0.3,0.001,0.0,32,0.5,relu,0.15384615384615385,0.8461538461538461,0.8461538461538461,0.8461538461538461,0.8461538461538461,0.4583333333333333
GDS_R3,2,2,1,f1_macro,0.4581818181818182,0.33533138616773106,32,0.3,0.001,0.0,32,0.5,relu,0.15436241610738255,0.8456375838926175,0.8456375838926175,0.8456375838926175,0.8456375838926175,0.4581818181818182
GDS_R3,2,3,1,f1_macro,0.4590163934426229,0.32907373771395915,32,0.3,0.001,0.0,32,0.5,relu,0.15151515151515152,0.8484848484848485,0.8484848484848485,0.8484848484848485,0.8484848484848486,0.4590163934426229
GDS_R3,2,1,2,f1_macro,0.46083788706739526,0.4299103324653722,16,0.3,0.001,0.0,32,0.5,relu,0.1488294314381271,0.8461538461538461,0.8547297297297297,0.8461538461538461,0.8504201680672269,0.46083788706739526
GDS_R3,2,2,2,f1_macro,0.4581818181818182,0.36105404024156146,16,0.3,0.001,0.0,32,0.5,relu,0.15436241610738255,0.8456375838926175,0.8456375838926175,0.8456375838926175,0.8456375838926175,0.4581818181818182
GDS_R3,2,3,2,f1_macro,0.4590163934426229,0.3451602203362751,16,0.3,0.001,0.0,32,0.5,relu,0.15151515151515152,0.8484848484848485,0.8484848484848485,0.8484848484848485,0.8484848484848486,0.4590163934426229
GDS_R3,2,1,3,f1_macro,0.4583333333333333,0.3033461705476296,64,0.3,0.001,0.0,32,0.5,relu,0.15384615384615385,0.8461538461538461,0.8461538461538461,0.8461538461538461,0.8461538461538461,0.4583333333333333
GDS_R3,2,2,3,f1_macro,0.4581818181818182,0.3236582258203686,64,0.3,0.001,0.0,32,0.5,relu,0.15436241610738255,0.8456375838926175,0.8456375838926175,0.8456375838926175,0.8456375838926175,0.4581818181818182
GDS_R3,2,3,3,f1_macro,0.4590163934426229,0.30857642117257494,64,0.3,0.001,0.0,32,0.5,relu,0.15151515151515152,0.8484848484848485,0.8484848484848485,0.8484848484848485,0.8484848484848486,0.4590163934426229
GDS_R3,2,1,4,f1_macro,0.5195578231292517,0.3327581068046955,32,0.2,0.001,0.0,32,0.5,relu,0.1488294314381271,0.8461538461538461,0.847682119205298,0.8561872909698997,0.8519134775374376,0.5195578231292517
GDS_R3,2,2,4,f1_macro,0.4581818181818182,0.35904431143063026,32,0.2,0.001,0.0,32,0.5,relu,0.15436241610738255,0.8456375838926175,0.8456375838926175,0.8456375838926175,0.8456375838926175,0.4581818181818182
GDS_R3,2,3,4,f1_macro,0.4590163934426229,0.3152558817036787,32,0.2,0.001,0.0,32,0.5,relu,0.15151515151515152,0.8484848484848485,0.8484848484848485,0.8484848484848485,0.8484848484848486,0.4590163934426229
GDS_R3,2,1,5,f1_macro,0.46083788706739526,0.3334775750627037,32,0.5,0.001,0.0,32,0.5,relu,0.1488294314381271,0.8461538461538461,0.8547297297297297,0.8461538461538461,0.8504201680672269,0.46083788706739526
GDS_R3,2,2,5,f1_macro,0.4581818181818182,0.347619117706414,32,0.5,0.001,0.0,32,0.5,relu,0.15436241610738255,0.8456375838926175,0.8456375838926175,0.8456375838926175,0.8456375838926175,0.4581818181818182
GDS_R3,2,3,5,f1_macro,0.4590163934426229,0.34226034429404806,32,0.5,0.001,0.0,32,0.5,relu,0.15151515151515152,0.8484848484848485,0.8484848484848485,0.8484848484848485,0.8484848484848486,0.4590163934426229
GDS_R3,2,1,6,f1_macro,0.7730282375851996,0.2606049530395941,32,0.3,0.01,0.0,32,0.5,relu,0.10535117056856187,0.8929765886287625,0.8933333333333333,0.8963210702341137,0.8948247078464107,0.7730282375851996
GDS_R3,2,2,6,f1_macro,0.8422009899850351,0.2674335021300604,32,0.3,0.01,0.0,32,0.5,relu,0.07718120805369127,0.9228187919463087,0.9228187919463087,0.9228187919463087,0.9228187919463087,0.8422009899850351
GDS_R3,2,3,6,f1_macro,0.7757085020242915,0.23964729545703486,32,0.3,0.01,0.0,32,0.5,relu,0.09764309764309764,0.898989898989899,0.8996655518394648,0.9057239057239057,0.9026845637583892,0.7757085020242915
GDS_R3,2,1,7,f1_macro,0.4583333333333333,0.3123803919603845,32,0.3,0.001,0.0001,32,0.5,relu,0.15384615384615385,0.8461538461538461,0.8461538461538461,0.8461538461538461,0.8461538461538461,0.4583333333333333
GDS_R3,2,2,7,f1_macro,0.4581818181818182,0.3632464274864069,32,0.3,0.001,0.0001,32,0.5,relu,0.15436241610738255,0.8456375838926175,0.8456375838926175,0.8456375838926175,0.8456375838926175,0.4581818181818182
GDS_R3,2,3,7,f1_macro,0.4590163934426229,0.3272266006050397,32,0.3,0.001,0.0001,32,0.5,relu,0.15151515151515152,0.8484848484848485,0.8484848484848485,0.8484848484848485,0.8484848484848486,0.4590163934426229
GDS_R3,2,1,8,f1_macro,0.4583333333333333,0.311161962452055,32,0.3,0.001,0.0,16,0.5,relu,0.15384615384615385,0.8461538461538461,0.8461538461538461,0.8461538461538461,0.8461538461538461,0.4583333333333333
GDS_R3,2,2,8,f1_macro,0.4581818181818182,0.32602095003896114,32,0.3,0.001,0.0,16,0.5,relu,0.15436241610738255,0.8456375838926175,0.8456375838926175,0.8456375838926175,0.8456375838926175,0.4581818181818182
GDS_R3,2,3,8,f1_macro,0.4590163934426229,0.29819753129578114,32,0.3,0.001,0.0,16,0.5,relu,0.15151515151515152,0.8484848484848485,0.8484848484848485,0.8484848484848485,0.8484848484848486,0.4590163934426229
GDS_R3,2,1,9,f1_macro,0.5383333333333333,0.3378034107324456,32,0.3,0.001,0.0,32,0.4,relu,0.14715719063545152,0.8461538461538461,0.8481848184818482,0.8595317725752508,0.8538205980066444,0.5383333333333333
GDS_R3,2,2,9,f1_macro,0.7121500721500722,0.33288377123391066,32,0.3,0.001,0.0,32,0.4,relu,0.12919463087248323,0.8422818791946308,0.8507936507936508,0.8993288590604027,0.8743882544861339,0.7121500721500722
GDS_R3,2,3,9,f1_macro,0.5215163934426229,0.3305909784894493,32,0.3,0.001,0.0,32,0.4,relu,0.14646464646464646,0.8484848484848485,0.85,0.8585858585858586,0.8542713567839195,0.5215163934426229
GDS_R3,2,1,10,f1_macro,0.46083788706739526,0.3241540383891899,32,0.3,0.001,0.0,32,0.6,relu,0.1488294314381271,0.8461538461538461,0.8547297297297297,0.8461538461538461,0.8504201680672269,0.46083788706739526
GDS_R3,2,2,10,f1_macro,0.4597069597069597,0.3323062694312742,32,0.3,0.001,0.0,32,0.6,relu,0.15100671140939598,0.8422818791946308,0.8537414965986394,0.8422818791946308,0.8479729729729729,0.4597069597069597
GDS_R3,2,3,10,f1_macro,0.4675324675324676,0.3278107521322305,32,0.3,0.001,0.0,32,0.6,relu,0.13468013468013468,0.8484848484848485,0.8780487804878049,0.8484848484848485,0.863013698630137,0.4675324675324676
GDS_R3,2,1,11,f1_macro,0.4583333333333333,0.3469036164904843,32,0.3,0.001,0.0,32,0.5,tanh,0.15384615384615385,0.8461538461538461,0.8461538461538461,0.8461538461538461,0.8461538461538461,0.4583333333333333
GDS_R3,2,2,11,f1_macro,0.4581818181818182,0.3561811057113161,32,0.3,0.001,0.0,32,0.5,tanh,0.15436241610738255,0.8456375838926175,0.8456375838926175,0.8456375838926175,0.8456375838926175,0.4581818181818182
GDS_R3,2,3,11,f1_macro,0.4590163934426229,0.3522574865638311,32,0.3,0.001,0.0,32,0.5,tanh,0.15151515151515152,0.8484848484848485,0.8484848484848485,0.8484848484848485,0.8484848484848486,0.4590163934426229
GDS_R3,2,1,12,f1_macro,0.4583333333333333,0.32082072140789836,32,0.3,0.001,0.0,32,0.5,leaky_relu,0.15384615384615385,0.8461538461538461,0.8461538461538461,0.8461538461538461,0.8461538461538461,0.4583333333333333
GDS_R3,2,2,12,f1_macro,0.4581818181818182,0.35693772407186114,32,0.3,0.001,0.0,32,0.5,leaky_relu,0.15436241610738255,0.8456375838926175,0.8456375838926175,0.8456375838926175,0.8456375838926175,0.4581818181818182
GDS_R3,2,3,12,f1_macro,0.4615384615384615,0.3275949304527174,32,0.3,0.001,0.0,32,0.5,leaky_relu,0.14646464646464646,0.8484848484848485,0.8571428571428571,0.8484848484848485,0.8527918781725888,0.4615384615384615
GDS_R3,3,1,1,f1_macro,0.4583333333333333,0.34439823855107754,32,0.3,0.001,0.0,32,0.5,relu,0.15384615384615385,0.8461538461538461,0.8461538461538461,0.8461538461538461,0.8461538461538461,0.4583333333333333
GDS_R3,3,2,1,f1_macro,0.4583333333333333,0.34251058271382523,32,0.3,0.001,0.0,32,0.5,relu,0.15384615384615385,0.8461538461538461,0.8461538461538461,0.8461538461538461,0.8461538461538461,0.4583333333333333
GDS_R3,3,3,1,f1_macro,0.4581818181818182,0.34366352332874284,32,0.3,0.001,0.0,32,0.5,relu,0.15436241610738255,0.8456375838926175,0.8456375838926175,0.8456375838926175,0.8456375838926175,0.4581818181818182
GDS_R3,3,1,2,f1_macro,0.4583333333333333,0.33727096472952633,16,0.3,0.001,0.0,32,0.5,relu,0.15384615384615385,0.8461538461538461,0.8461538461538461,0.8461538461538461,0.8461538461538461,0.4583333333333333
GDS_R3,3,2,2,f1_macro,0.4583333333333333,0.3607083227067337,16,0.3,0.001,0.0,32,0.5,relu,0.15384615384615385,0.8461538461538461,0.8461538461538461,0.8461538461538461,0.8461538461538461,0.4583333333333333
GDS_R3,3,3,2,f1_macro,0.4581818181818182,0.4265605036829626,16,0.3,0.001,0.0,32,0.5,relu,0.15436241610738255,0.8456375838926175,0.8456375838926175,0.8456375838926175,0.8456375838926175,0.4581818181818182
GDS_R3,3,1,3,f1_macro,0.4583333333333333,0.30434638309219175,64,0.3,0.001,0.0,32,0.5,relu,0.15384615384615385,0.8461538461538461,0.8461538461538461,0.8461538461538461,0.8461538461538461,0.4583333333333333
GDS_R3,3,2,3,f1_macro,0.4583333333333333,0.3087177221699176,64,0.3,0.001,0.0,32,0.5,relu,0.15384615384615385,0.8461538461538461,0.8461538461538461,0.8461538461538461,0.8461538461538461,0.4583333333333333
GDS_R3,3,3,3,f1_macro,0.4581818181818182,0.319578014189583,64,0.3,0.001,0.0,32,0.5,relu,0.15436241610738255,0.8456375838926175,0.8456375838926175,0.8456375838926175,0.8456375838926175,0.4581818181818182
GDS_R3,3,1,4,f1_macro,0.4583333333333333,0.31724533882971784,32,0.2,0.001,0.0,32,0.5,relu,0.15384615384615385,0.8461538461538461,0.8461538461538461,0.8461538461538461,0.8461538461538461,0.4583333333333333
GDS_R3,3,2,4,f1_macro,0.4583333333333333,0.32443112389526174,32,0.2,0.001,0.0,32,0.5,relu,0.15384615384615385,0.8461538461538461,0.8461538461538461,0.8461538461538461,0.8461538461538461,0.4583333333333333
GDS_R3,3,3,4,f1_macro,0.4581818181818182,0.3299109356160148,32,0.2,0.001,0.0,32,0.5,relu,0.15436241610738255,0.8456375838926175,0.8456375838926175,0.8456375838926175,0.8456375838926175,0.4581818181818182
GDS_R3,3,1,5,f1_macro,0.4583333333333333,0.3105745958523135,32,0.5,0.001,0.0,32,0.5,relu,0.15384615384615385,0.8461538461538461,0.8461538461538461,0.8461538461538461,0.8461538461538461,0.4583333333333333
GDS_R3,3,2,5,f1_macro,0.4583333333333333,0.37537502903035735,32,0.5,0.001,0.0,32,0.5,relu,0.15384615384615385,0.8461538461538461,0.8461538461538461,0.8461538461538461,0.8461538461538461,0.4583333333333333
GDS_R3,3,3,5,f1_macro,0.4581818181818182,0.3537292357870568,32,0.5,0.001,0.0,32,0.5,relu,0.15436241610738255,0.8456375838926175,0.8456375838926175,0.8456375838926175,0.8456375838926175,0.4581818181818182
GDS_R3,3,1,6,f1_macro,0.7632575757575757,0.2022677670721233,32,0.3,0.01,0.0,32,0.5,relu,0.10033444816053512,0.8963210702341137,0.8970099667774086,0.903010033444816,0.9,0.7632575757575757
GDS_R3,3,2,6,f1_macro,0.8776198679299454,0.2586307311976575,32,0.3,0.01,0.0,32,0.5,relu,0.05852842809364549,0.939799331103679,0.9429530201342282,0.939799331103679,0.9413735343383585,0.8776198679299454
GDS_R3,3,3,6,f1_macro,0.7934857934857934,0.24759500590853867,32,0.3,0.01,0.0,32,0.5,relu,0.09395973154362416,0.9060402684563759,0.9060402684563759,0.9060402684563759,0.9060402684563759,0.7934857934857934
GDS_R3,3,1,7,f1_macro,0.4583333333333333,0.3339895810963121,32,0.3,0.001,0.0001,32,0.5,relu,0.15384615384615385,0.8461538461538461,0.8461538461538461,0.8461538461538461,0.8461538461538461,0.4583333333333333
GDS_R3,3,2,7,f1_macro,0.4583333333333333,0.32982398951472947,32,0.3,0.001,0.0001,32,0.5,relu,0.15384615384615385,0.8461538461538461,0.8461538461538461,0.8461538461538461,0.8461538461538461,0.4583333333333333
GDS_R3,3,3,7,f1_macro,0.4581818181818182,0.3500590342343053,32,0.3,0.001,0.0001,32,0.5,relu,0.15436241610738255,0.8456375838926175,0.8456375838926175,0.8456375838926175,0.8456375838926175,0.4581818181818182
GDS_R3,3,1,8,f1_macro,0.4583333333333333,0.27202571826164845,32,0.3,0.001,0.0,16,0.5,relu,0.15384615384615385,0.8461538461538461,0.8461538461538461,0.8461538461538461,0.8461538461538461,0.4583333333333333
GDS_R3,3,2,8,f1_macro,0.46336996336996333,0.3190270519036943,32,0.3,0.001,0.0,16,0.5,relu,0.14381270903010032,0.8461538461538461,0.863481228668942,0.8461538461538461,0.8547297297297297,0.46336996336996333
GDS_R3,3,3,8,f1_macro,0.4581818181818182,0.3027439477750689,32,0.3,0.001,0.0,16,0.5,relu,0.15436241610738255,0.8456375838926175,0.8456375838926175,0.8456375838926175,0.8456375838926175,0.4581818181818182
GDS_R3,3,1,9,f1_macro,0.5383333333333333,0.3207434550102432,32,0.3,0.001,0.0,32,0.4,relu,0.14715719063545152,0.8461538461538461,0.8481848184818482,0.8595317725752508,0.8538205980066444,0.5383333333333333
GDS_R3,3,2,9,f1_macro,0.6916666666666667,0.334857350642757,32,0.3,0.001,0.0,32,0.4,relu,0.13043478260869565,0.8461538461538461,0.853035143769968,0.8929765886287625,0.8725490196078431,0.6916666666666667
GDS_R3,3,3,9,f1_macro,0.5181818181818182,0.3416579128507786,32,0.3,0.001,0.0,32,0.4,relu,0.15100671140939598,0.8422818791946308,0.8443708609271523,0.8557046979865772,0.85,0.5181818181818182
GDS_R3,3,1,10,f1_macro,0.4625228519195612,0.3263631474532474,32,0.3,0.001,0.0,32,0.6,relu,0.1454849498327759,0.8461538461538461,0.8605442176870748,0.8461538461538461,0.8532883642495784,0.4625228519195612
GDS_R3,3,2,10,f1_macro,0.46336996336996333,0.34068399522971465,32,0.3,0.001,0.0,32,0.6,relu,0.14381270903010032,0.8461538461538461,0.863481228668942,0.8461538461538461,0.8547297297297297,0.46336996336996333
GDS_R3,3,3,10,f1_macro,0.46567717996289426,0.3394710256104485,32,0.3,0.001,0.0,32,0.6,relu,0.13926174496644295,0.8422818791946308,0.8745644599303136,0.8422818791946308,0.8581196581196581,0.46567717996289426
GDS_R3,3,1,11,f1_macro,0.4583333333333333,0.3370231892195978,32,0.3,0.001,0.0,32,0.5,tanh,0.15384615384615385,0.8461538461538461,0.8461538461538461,0.8461538461538461,0.8461538461538461,0.4583333333333333
GDS_R3,3,2,11,f1_macro,0.4583333333333333,0.3361077779900888,32,0.3,0.001,0.0,32,0.5,tanh,0.15384615384615385,0.8461538461538461,0.8461538461538461,0.8461538461538461,0.8461538461538461,0.4583333333333333
GDS_R3,3,3,11,f1_macro,0.4581818181818182,0.33623669807328826,32,0.3,0.001,0.0,32,0.5,tanh,0.15436241610738255,0.8456375838926175,0.8456375838926175,0.8456375838926175,0.8456375838926175,0.4581818181818182
GDS_R3,3,1,12,f1_macro,0.4583333333333333,0.3199946929262311,32,0.3,0.001,0.0,32,0.5,leaky_relu,0.15384615384615385,0.8461538461538461,0.8461538461538461,0.8461538461538461,0.8461538461538461,0.4583333333333333
GDS_R3,3,2,12,f1_macro,0.46336996336996333,0.32790907323859647,32,0.3,0.001,0.0,32,0.5,leaky_relu,0.14381270903010032,0.8461538461538461,0.863481228668942,0.8461538461538461,0.8547297297297297,0.46336996336996333
GDS_R3,3,3,12,f1_macro,0.4581818181818182,0.3127255615681709,32,0.3,0.001,0.0,32,0.5,leaky_relu,0.15436241610738255,0.8456375838926175,0.8456375838926175,0.8456375838926175,0.8456375838926175,0.4581818181818182
GDS_R3,4,1,1,f1_macro,0.4583333333333333,0.3564230000453578,32,0.3,0.001,0.0,32,0.5,relu,0.15384615384615385,0.8461538461538461,0.8461538461538461,0.8461538461538461,0.8461538461538461,0.4583333333333333
GDS_R3,4,2,1,f1_macro,0.4583333333333333,0.3220987515134029,32,0.3,0.001,0.0,32,0.5,relu,0.15384615384615385,0.8461538461538461,0.8461538461538461,0.8461538461538461,0.8461538461538461,0.4583333333333333
GDS_R3,4,3,1,f1_macro,0.4581818181818182,0.3155681216796505,32,0.3,0.001,0.0,32,0.5,relu,0.15436241610738255,0.8456375838926175,0.8456375838926175,0.8456375838926175,0.8456375838926175,0.4581818181818182
GDS_R3,4,1,2,f1_macro,0.5,0.36651908887091594,16,0.3,0.001,0.0,32,0.5,relu,0.1505016722408027,0.8461538461538461,0.8471760797342193,0.8528428093645485,0.85,0.5
GDS_R3,4,2,2,f1_macro,0.4583333333333333,0.46670834792518934,16,0.3,0.001,0.0,32,0.5,relu,0.15384615384615385,0.8461538461538461,0.8461538461538461,0.8461538461538461,0.8461538461538461,0.4583333333333333
GDS_R3,4,3,2,f1_macro,0.4581818181818182,0.3503524687975944,16,0.3,0.001,0.0,32,0.5,relu,0.15436241610738255,0.8456375838926175,0.8456375838926175,0.8456375838926175,0.8456375838926175,0.4581818181818182
GDS_R3,4,1,3,f1_macro,0.4583333333333333,0.29867442226789304,64,0.3,0.001,0.0,32,0.5,relu,0.15384615384615385,0.8461538461538461,0.8461538461538461,0.8461538461538461,0.8461538461538461,0.4583333333333333
GDS_R3,4,2,3,f1_macro,0.4583333333333333,0.3189970407154492,64,0.3,0.001,0.0,32,0.5,relu,0.15384615384615385,0.8461538461538461,0.8461538461538461,0.8461538461538461,0.8461538461538461,0.4583333333333333
GDS_R3,4,3,3,f1_macro,0.4581818181818182,0.3102078335141657,64,0.3,0.001,0.0,32,0.5,relu,0.15436241610738255,0.8456375838926175,0.8456375838926175,0.8456375838926175,0.8456375838926175,0.4581818181818182
GDS_R3,4,1,4,f1_macro,0.4583333333333333,0.32411219361838783,32,0.2,0.001,0.0,32,0.5,relu,0.15384615384615385,0.8461538461538461,0.8461538461538461,0.8461538461538461,0.8461538461538461,0.4583333333333333
GDS_R3,4,2,4,f1_macro,0.4583333333333333,0.33863086072444115,32,0.2,0.001,0.0,32,0.5,relu,0.15384615384615385,0.8461538461538461,0.8461538461538461,0.8461538461538461,0.8461538461538461,0.4583333333333333
GDS_R3,4,3,4,f1_macro,0.4581818181818182,0.33721564072230986,32,0.2,0.001,0.0,32,0.5,relu,0.15436241610738255,0.8456375838926175,0.8456375838926175,0.8456375838926175,0.8456375838926175,0.4581818181818182
GDS_R3,4,1,5,f1_macro,0.4583333333333333,0.3235531151294708,32,0.5,0.001,0.0,32,0.5,relu,0.15384615384615385,0.8461538461538461,0.8461538461538461,0.8461538461538461,0.8461538461538461,0.4583333333333333
GDS_R3,4,2,5,f1_macro,0.4583333333333333,0.3501612011911082,32,0.5,0.001,0.0,32,0.5,relu,0.15384615384615385,0.8461538461538461,0.8461538461538461,0.8461538461538461,0.8461538461538461,0.4583333333333333
GDS_R3,4,3,5,f1_macro,0.4581818181818182,0.3498093903463421,32,0.5,0.001,0.0,32,0.5,relu,0.15436241610738255,0.8456375838926175,0.8456375838926175,0.8456375838926175,0.8456375838926175,0.4581818181818182
GDS_R3,4,1,6,f1_macro,0.7840932535589025,0.22089131842905552,32,0.3,0.01,0.0,32,0.5,relu,0.09364548494983277,0.9063545150501672,0.9063545150501672,0.9063545150501672,0.9063545150501672,0.7840932535589025
GDS_R3,4,2,6,f1_macro,0.8302524300369709,0.26282674458558036,32,0.3,0.01,0.0,32,0.5,relu,0.0802675585284281,0.9163879598662207,0.9225589225589226,0.9163879598662207,0.9194630872483222,0.8302524300369709
GDS_R3,4,3,6,f1_macro,0.7946673189823874,0.24276198033106366,32,0.3,0.01,0.0,32,0.5,relu,0.09899328859060402,0.8926174496644296,0.9078498293515358,0.8926174496644296,0.9001692047377328,0.7946673189823874
GDS_R3,4,1,7,f1_macro,0.4583333333333333,0.3123628774055684,32,0.3,0.001,0.0001,32,0.5,relu,0.15384615384615385,0.8461538461538461,0.8461538461538461,0.8461538461538461,0.8461538461538461,0.4583333333333333
GDS_R3,4,2,7,f1_macro,0.4583333333333333,0.3350452168453079,32,0.3,0.001,0.0001,32,0.5,relu,0.15384615384615385,0.8461538461538461,0.8461538461538461,0.8461538461538461,0.8461538461538461,0.4583333333333333
GDS_R3,4,3,7,f1_macro,0.4581818181818182,0.3161930271913375,32,0.3,0.001,0.0001,32,0.5,relu,0.15436241610738255,0.8456375838926175,0.8456375838926175,0.8456375838926175,0.8456375838926175,0.4581818181818182
GDS_R3,4,1,8,f1_macro,0.5195578231292517,0.2922205966920709,32,0.3,0.001,0.0,16,0.5,relu,0.1488294314381271,0.8461538461538461,0.847682119205298,0.8561872909698997,0.8519134775374376,0.5195578231292517
GDS_R3,4,2,8,f1_macro,0.5383333333333333,0.31121275852273655,32,0.3,0.001,0.0,16,0.5,relu,0.14715719063545152,0.8461538461538461,0.8481848184818482,0.8595317725752508,0.8538205980066444,0.5383333333333333
GDS_R3,4,3,8,f1_macro,0.4581818181818182,0.2852926543325086,32,0.3,0.001,0.0,16,0.5,relu,0.15436241610738255,0.8456375838926175,0.8456375838926175,0.8456375838926175,0.8456375838926175,0.4581818181818182
GDS_R3,4,1,9,f1_macro,0.5904088050314465,0.3288482510714076,32,0.3,0.001,0.0,32,0.4,relu,0.14214046822742474,0.8461538461538461,0.8496732026143791,0.8695652173913043,0.859504132231405,0.5904088050314465
GDS_R3,4,2,9,f1_macro,0.5904088050314465,0.3531987490865653,32,0.3,0.001,0.0,32,0.4,relu,0.14214046822742474,0.8461538461538461,0.8496732026143791,0.8695652173913043,0.859504132231405,0.5904088050314465
GDS_R3,4,3,9,f1_macro,0.5181818181818182,0.32745479301465397,32,0.3,0.001,0.0,32,0.4,relu,0.15100671140939598,0.8422818791946308,0.8443708609271523,0.8557046979865772,0.85,0.5181818181818182
GDS_R3,4,1,10,f1_macro,0.466789667896679,0.33849958234296573,32,0.3,0.001,0.0,32,0.6,relu,0.13712374581939799,0.8461538461538461,0.8754325259515571,0.8461538461538461,0.8605442176870748,0.466789667896679
GDS_R3,4,2,10,f1_macro,0.4676524953789279,0.356236847401464,32,0.3,0.001,0.0,32,0.6,relu,0.1354515050167224,0.8461538461538461,0.8784722222222222,0.8461538461538461,0.8620102214650767,0.4676524953789279
GDS_R3,4,3,10,f1_macro,0.4597069597069597,0.34343995168854957,32,0.3,0.001,0.0,32,0.6,relu,0.15100671140939598,0.8422818791946308,0.8537414965986394,0.8422818791946308,0.8479729729729729,0.4597069597069597
GDS_R3,4,1,11,f1_macro,0.4583333333333333,0.32168581457793016,32,0.3,0.001,0.0,32,0.5,tanh,0.15384615384615385,0.8461538461538461,0.8461538461538461,0.8461538461538461,0.8461538461538461,0.4583333333333333
GDS_R3,4,2,11,f1_macro,0.4583333333333333,0.34747069759584553,32,0.3,0.001,0.0,32,0.5,tanh,0.15384615384615385,0.8461538461538461,0.8461538461538461,0.8461538461538461,0.8461538461538461,0.4583333333333333
GDS_R3,4,3,11,f1_macro,0.4581818181818182,0.3301167284764574,32,0.3,0.001,0.0,32,0.5,tanh,0.15436241610738255,0.8456375838926175,0.8456375838926175,0.8456375838926175,0.8456375838926175,0.4581818181818182
GDS_R3,4,1,12,f1_macro,0.4583333333333333,0.32335846807489443,32,0.3,0.001,0.0,32,0.5,leaky_relu,0.15384615384615385,0.8461538461538461,0.8461538461538461,0.8461538461538461,0.8461538461538461,0.4583333333333333
GDS_R3,4,2,12,f1_macro,0.4583333333333333,0.351982269429881,32,0.3,0.001,0.0,32,0.5,leaky_relu,0.15384615384615385,0.8461538461538461,0.8461538461538461,0.8461538461538461,0.8461538461538461,0.4583333333333333
GDS_R3,4,3,12,f1_macro,0.4581818181818182,0.32291049393124405,32,0.3,0.001,0.0,32,0.5,leaky_relu,0.15436241610738255,0.8456375838926175,0.8456375838926175,0.8456375838926175,0.8456375838926175,0.4581818181818182
GDS_R3,5,1,1,f1_macro,0.4583333333333333,0.326802096175189,32,0.3,0.001,0.0,32,0.5,relu,0.15384615384615385,0.8461538461538461,0.8461538461538461,0.8461538461538461,0.8461538461538461,0.4583333333333333
GDS_R3,5,2,1,f1_macro,0.4583333333333333,0.35773570648389846,32,0.3,0.001,0.0,32,0.5,relu,0.15384615384615385,0.8461538461538461,0.8461538461538461,0.8461538461538461,0.8461538461538461,0.4583333333333333
GDS_R3,5,3,1,f1_macro,0.4581818181818182,0.3325091856578521,32,0.3,0.001,0.0,32,0.5,relu,0.15436241610738255,0.8456375838926175,0.8456375838926175,0.8456375838926175,0.8456375838926175,0.4581818181818182
GDS_R3,5,1,2,f1_macro,0.46167883211678834,0.3725662180526772,16,0.3,0.001,0.0,32,0.5,relu,0.14715719063545152,0.8461538461538461,0.8576271186440678,0.8461538461538461,0.8518518518518519,0.46167883211678834
GDS_R3,5,2,2,f1_macro,0.4583333333333333,0.3347271382309484,16,0.3,0.001,0.0,32,0.5,relu,0.15384615384615385,0.8461538461538461,0.8461538461538461,0.8461538461538461,0.8461538461538461,0.4583333333333333
GDS_R3,5,3,2,f1_macro,0.4581818181818182,0.39459599579457055,16,0.3,0.001,0.0,32,0.5,relu,0.15436241610738255,0.8456375838926175,0.8456375838926175,0.8456375838926175,0.8456375838926175,0.4581818181818182
GDS_R3,5,1,3,f1_macro,0.4583333333333333,0.3169579982158527,64,0.3,0.001,0.0,32,0.5,relu,0.15384615384615385,0.8461538461538461,0.8461538461538461,0.8461538461538461,0.8461538461538461,0.4583333333333333
GDS_R3,5,2,3,f1_macro,0.4583333333333333,0.30973322083003557,64,0.3,0.001,0.0,32,0.5,relu,0.15384615384615385,0.8461538461538461,0.8461538461538461,0.8461538461538461,0.8461538461538461,0.4583333333333333
GDS_R3,5,3,3,f1_macro,0.4581818181818182,0.30054655691054355,64,0.3,0.001,0.0,32,0.5,relu,0.15436241610738255,0.8456375838926175,0.8456375838926175,0.8456375838926175,0.8456375838926175,0.4581818181818182
GDS_R3,5,1,4,f1_macro,0.4583333333333333,0.3181030164711439,32,0.2,0.001,0.0,32,0.5,relu,0.15384615384615385,0.8461538461538461,0.8461538461538461,0.8461538461538461,0.8461538461538461,0.4583333333333333
GDS_R3,5,2,4,f1_macro,0.46,0.3170912223844672,32,0.2,0.001,0.0,32,0.5,relu,0.1505016722408027,0.8461538461538461,0.8518518518518519,0.8461538461538461,0.8489932885906041,0.46
GDS_R3,5,3,4,f1_macro,0.4581818181818182,0.3104918727707305,32,0.2,0.001,0.0,32,0.5,relu,0.15436241610738255,0.8456375838926175,0.8456375838926175,0.8456375838926175,0.8456375838926175,0.4581818181818182
GDS_R3,5,1,5,f1_macro,0.4583333333333333,0.33597007733293915,32,0.5,0.001,0.0,32,0.5,relu,0.15384615384615385,0.8461538461538461,0.8461538461538461,0.8461538461538461,0.8461538461538461,0.4583333333333333
GDS_R3,5,2,5,f1_macro,0.4583333333333333,0.35716721325663464,32,0.5,0.001,0.0,32,0.5,relu,0.15384615384615385,0.8461538461538461,0.8461538461538461,0.8461538461538461,0.8461538461538461,0.4583333333333333
GDS_R3,5,3,5,f1_macro,0.46139705882352944,0.3691279525342195,32,0.5,0.001,0.0,32,0.5,relu,0.1476510067114094,0.8422818791946308,0.8595890410958904,0.8422818791946308,0.8508474576271187,0.46139705882352944
GDS_R3,5,1,6,f1_macro,0.818695228821811,0.25486657495175175,32,0.3,0.01,0.0,32,0.5,relu,0.08193979933110368,0.9163879598662207,0.9166666666666666,0.919732441471572,0.9181969949916529,0.818695228821811
GDS_R3,5,2,6,f1_macro,0.8065134099616857,0.23548074613264458,32,0.3,0.01,0.0,32,0.5,relu,0.0903010033444816,0.9063545150501672,0.9069767441860465,0.9130434782608695,0.91,0.8065134099616857
GDS_R3,5,3,6,f1_macro,0.7827307827307828,0.22780305600684622,32,0.3,0.01,0.0,32,0.5,relu,0.09899328859060402,0.8993288590604027,0.9023569023569024,0.8993288590604027,0.9008403361344537,0.7827307827307828
GDS_R3,5,1,7,f1_macro,0.4583333333333333,0.3263405087705034,32,0.3,0.001,0.0001,32,0.5,relu,0.15384615384615385,0.8461538461538461,0.8461538461538461,0.8461538461538461,0.8461538461538461,0.4583333333333333
GDS_R3,5,2,7,f1_macro,0.4583333333333333,0.3271456741208407,32,0.3,0.001,0.0001,32,0.5,relu,0.15384615384615385,0.8461538461538461,0.8461538461538461,0.8461538461538461,0.8461538461538461,0.4583333333333333
GDS_R3,5,3,7,f1_macro,0.4581818181818182,0.3258990041388317,32,0.3,0.001,0.0001,32,0.5,relu,0.15436241610738255,0.8456375838926175,0.8456375838926175,0.8456375838926175,0.8456375838926175,0.4581818181818182
GDS_R3,5,1,8,f1_macro,0.6513157894736842,0.3160255423792243,32,0.3,0.001,0.0,16,0.5,relu,0.1354515050167224,0.8461538461538461,0.8516129032258064,0.882943143812709,0.8669950738916257,0.6513157894736842
GDS_R3,5,2,8,f1_macro,0.5195578231292517,0.2814064172644112,32,0.3,0.001,0.0,16,0.5,relu,0.1488294314381271,0.8461538461538461,0.847682119205298,0.8561872909698997,0.8519134775374376,0.5195578231292517
GDS_R3,5,3,8,f1_macro,0.46395563770794823,0.29995448199602276,32,0.3,0.001,0.0,16,0.5,relu,0.14261744966442952,0.8422818791946308,0.8685121107266436,0.8422818791946308,0.8551959114139692,0.46395563770794823
GDS_R3,5,1,9,f1_macro,0.6652298850574713,0.343807437012543,32,0.3,0.001,0.0,32,0.4,relu,0.13377926421404682,0.8461538461538461,0.8520900321543409,0.8862876254180602,0.8688524590163934,0.6652298850574713
GDS_R3,5,2,9,f1_macro,0.5904088050314465,0.31758675618187665,32,0.3,0.001,0.0,32,0.4,relu,0.14214046822742474,0.8461538461538461,0.8496732026143791,0.8695652173913043,0.859504132231405,0.5904088050314465
GDS_R3,5,3,9,f1_macro,0.6036363636363636,0.3067065409593359,32,0.3,0.001,0.0,32,0.4,relu,0.14261744966442952,0.8422818791946308,0.8469055374592834,0.87248322147651,0.859504132231405,0.6036363636363636
GDS_R3,5,1,10,f1_macro,0.46422018348623856,0.3310409154324875,32,0.3,0.001,0.0,32,0.6,relu,0.14214046822742474,0.8461538461538461,0.8664383561643836,0.8461538461538461,0.856175972927242,0.46422018348623856
GDS_R3,5,2,10,f1_macro,0.4650735294117647,0.3136345016047783,32,0.3,0.001,0.0,32,0.6,relu,0.14046822742474915,0.8461538461538461,0.8694158075601375,0.8461538461538461,0.8576271186440678,0.4650735294117647
GDS_R3,5,3,10,f1_macro,0.46395563770794823,0.33789202640686544,32,0.3,0.001,0.0,32,0.6,relu,0.14261744966442952,0.8422818791946308,0.8685121107266436,0.8422818791946308,0.8551959114139692,0.46395563770794823
GDS_R3,5,1,11,f1_macro,0.4583333333333333,0.32849929350704404,32,0.3,0.001,0.0,32,0.5,tanh,0.15384615384615385,0.8461538461538461,0.8461538461538461,0.8461538461538461,0.8461538461538461,0.4583333333333333
GDS_R3,5,2,11,f1_macro,0.5,0.3231700958069445,32,0.3,0.001,0.0,32,0.5,tanh,0.1505016722408027,0.8461538461538461,0.8471760797342193,0.8528428093645485,0.85,0.5
GDS_R3,5,3,11,f1_macro,0.4581818181818182,0.35464719814999046,32,0.3,0.001,0.0,32,0.5,tanh,0.15436241610738255,0.8456375838926175,0.8456375838926175,0.8456375838926175,0.8456375838926175,0.4581818181818182
GDS_R3,5,1,12,f1_macro,0.4583333333333333,0.3490125541910654,32,0.3,0.001,0.0,32,0.5,leaky_relu,0.15384615384615385,0.8461538461538461,0.8461538461538461,0.8461538461538461,0.8461538461538461,0.4583333333333333
GDS_R3,5,2,12,f1_macro,0.4583333333333333,0.32936968171416814,32,0.3,0.001,0.0,32,0.5,leaky_relu,0.15384615384615385,0.8461538461538461,0.8461538461538461,0.8461538461538461,0.8461538461538461,0.4583333333333333
GDS_R3,5,3,12,f1_macro,0.5575509049773756,0.32123665705971094,32,0.3,0.001,0.0,32,0.5,leaky_relu,0.14093959731543623,0.8590604026845637,0.8590604026845637,0.8590604026845637,0.8590604026845637,0.5575509049773756
GDS_R4,1,1,1,f1_macro,0.29821318545902653,0.37286760611694403,32,0.3,0.001,0.0,32,0.5,relu,0.12709030100334448,0.8093645484949833,0.8093645484949833,0.8093645484949833,0.8093645484949833,0.29821318545902653
GDS_R4,1,2,1,f1_macro,0.298082869511441,0.38033632164033465,32,0.3,0.001,0.0,32,0.5,relu,0.12751677852348994,0.8087248322147651,0.8087248322147651,0.8087248322147651,0.808724832214765,0.298082869511441
GDS_R4,1,3,1,f1_macro,0.298636926889715,0.3796781114797097,32,0.3,0.001,0.0,32,0.5,relu,0.12570145903479238,0.8114478114478114,0.8114478114478114,0.8114478114478114,0.8114478114478115,0.298636926889715
GDS_R4,1,1,2,f1_macro,0.4291064740502943,0.4325997351598339,16,0.3,0.001,0.0,32,0.5,relu,0.11482720178372352,0.822742474916388,0.831081081081081,0.822742474916388,0.8268907563025211,0.4291064740502943
GDS_R4,1,2,2,f1_macro,0.30200501253132833,0.4673696902374293,16,0.3,0.001,0.0,32,0.5,relu,0.11968680089485459,0.8087248322147651,0.8281786941580757,0.8087248322147651,0.8183361629881155,0.30200501253132833
GDS_R4,1,3,2,f1_macro,0.4456794159311322,0.39518125108139,16,0.3,0.001,0.0,32,0.5,relu,0.11672278338945005,0.8249158249158249,0.8249158249158249,0.8249158249158249,0.8249158249158249,0.4456794159311322
GDS_R4,1,1,3,f1_macro,0.29821318545902653,0.34399028109903096,64,0.3,0.001,0.0,32,0.5,relu,0.12709030100334448,0.8093645484949833,0.8093645484949833,0.8093645484949833,0.8093645484949833,0.29821318545902653
GDS_R4,1,2,3,f1_macro,0.298082869511441,0.35481483954311216,64,0.3,0.001,0.0,32,0.5,relu,0.12751677852348994,0.8087248322147651,0.8087248322147651,0.8087248322147651,0.808724832214765,0.298082869511441
GDS_R4,1,3,3,f1_macro,0.298636926889715,0.357280048293684,64,0.3,0.001,0.0,32,0.5,relu,0.12570145903479238,0.8114478114478114,0.8114478114478114,0.8114478114478114,0.8114478114478115,0.298636926889715
GDS_R4,1,1,4,f1_macro,0.29821318545902653,0.3952690114494131,32,0.2,0.001,0.0,32,0.5,relu,0.12709030100334448,0.8093645484949833,0.8093645484949833,0.8093645484949833,0.8093645484949833,0.29821318545902653
GDS_R4,1,2,4,f1_macro,0.298082869511441,0.3881526255367586,32,0.2,0.001,0.0,32,0.5,relu,0.12751677852348994,0.8087248322147651,0.8087248322147651,0.8087248322147651,0.808724832214765,0.298082869511441
GDS_R4,1,3,4,f1_macro,0.298636926889715,0.39308761432142914,32,0.2,0.001,0.0,32,0.5,relu,0.12570145903479238,0.8114478114478114,0.8114478114478114,0.8114478114478114,0.8114478114478115,0.298636926889715
GDS_R4,1,1,5,f1_macro,0.29821318545902653,0.3878369799181193,32,0.5,0.001,0.0,32,0.5,relu,0.12709030100334448,0.8093645484949833,0.8093645484949833,0.8093645484949833,0.8093645484949833,0.29821318545902653
GDS_R4,1,2,5,f1_macro,0.298082869511441,0.3737341129539797,32,0.5,0.001,0.0,32,0.5,relu,0.12751677852348994,0.8087248322147651,0.8087248322147651,0.8087248322147651,0.808724832214765,0.298082869511441
GDS_R4,1,3,5,f1_macro,0.298636926889715,0.4076929409400103,32,0.5,0.001,0.0,32,0.5,relu,0.12570145903479238,0.8114478114478114,0.8114478114478114,0.8114478114478114,0.8114478114478115,0.298636926889715
GDS_R4,1,1,6,f1_macro,0.4721262289372874,0.30800676107907493,32,0.3,0.01,0.0,32,0.5,relu,0.12040133779264214,0.8093645484949833,0.8131147540983606,0.8294314381270903,0.8211920529801324,0.4721262289372874
GDS_R4,1,2,6,f1_macro,0.39808286951144095,0.3095240872978364,32,0.3,0.01,0.0,32,0.5,relu,0.12416107382550336,0.8087248322147651,0.8106312292358804,0.8187919463087249,0.8146911519198665,0.39808286951144095
GDS_R4,1,3,6,f1_macro,0.5309343434343434,0.3057235839029453,32,0.3,0.01,0.0,32,0.5,relu,0.1111111111111111,0.8249158249158249,0.8278145695364238,0.8417508417508418,0.8347245409015026,0.5309343434343434
GDS_R4,1,1,7,f1_macro,0.29821318545902653,0.37475053793241997,32,0.3,0.001,0.0001,32,0.5,relu,0.12709030100334448,0.8093645484949833,0.8093645484949833,0.8093645484949833,0.8093645484949833,0.29821318545902653
GDS_R4,1,2,7,f1_macro,0.298082869511441,0.36153968428605354,32,0.3,0.001,0.0001,32,0.5,relu,0.12751677852348994,0.8087248322147651,0.8087248322147651,0.8087248322147651,0.808724832214765,0.298082869511441
GDS_R4,1,3,7,f1_macro,0.298636926889715,0.37899497281167177,32,0.3,0.001,0.0001,32,0.5,relu,0.12570145903479238,0.8114478114478114,0.8114478114478114,0.8114478114478114,0.8114478114478115,0.298636926889715
GDS_R4,1,1,8,f1_macro,0.29821318545902653,0.3493500222678946,32,0.3,0.001,0.0,16,0.5,relu,0.12709030100334448,0.8093645484949833,0.8093645484949833,0.8093645484949833,0.8093645484949833,0.29821318545902653
GDS_R4,1,2,8,f1_macro,0.298082869511441,0.3685820058688221,32,0.3,0.001,0.0,16,0.5,relu,0.12751677852348994,0.8087248322147651,0.8087248322147651,0.8087248322147651,0.808724832214765,0.298082869511441
GDS_R4,1,3,8,f1_macro,0.298636926889715,0.34810020436393957,32,0.3,0.001,0.0,16,0.5,relu,0.12570145903479238,0.8114478114478114,0.8114478114478114,0.8114478114478114,0.8114478114478115,0.298636926889715
GDS_R4,1,1,9,f1_macro,0.42519731244315356,0.39123474594925634,32,0.3,0.001,0.0,32,0.4,relu,0.13154960981047936,0.802675585284281,0.7909967845659164,0.822742474916388,0.8065573770491804,0.42519731244315356
GDS_R4,1,2,9,f1_macro,0.39808286951144095,0.3643460419754054,32,0.3,0.001,0.0,32,0.4,relu,0.12416107382550336,0.8087248322147651,0.8106312292358804,0.8187919463087249,0.8146911519198665,0.39808286951144095
GDS_R4,1,3,9,f1_macro,0.4435644631215991,0.3713650492267992,32,0.3,0.001,0.0,32,0.4,relu,0.12794612794612795,0.8080808080808081,0.7961165048543689,0.8282828282828283,0.8118811881188118,0.4435644631215991
GDS_R4,1,1,10,f1_macro,0.300187617260788,0.4060997995508819,32,0.3,0.001,0.0,32,0.6,relu,0.12263099219620958,0.802675585284281,0.8247422680412371,0.802675585284281,0.8135593220338982,0.300187617260788
GDS_R4,1,2,10,f1_macro,0.30245746691871456,0.3827162959031611,32,0.3,0.001,0.0,32,0.6,relu,0.1185682326621924,0.8053691275167785,0.8333333333333334,0.8053691275167785,0.8191126279863482,0.30245746691871456
GDS_R4,1,3,10,f1_macro,0.3008285532186106,0.3659882888921741,32,0.3,0.001,0.0,32,0.6,relu,0.12008978675645342,0.7946127946127947,0.8368794326241135,0.7946127946127947,0.8151986183074266,0.3008285532186106
GDS_R4,1,1,11,f1_macro,0.29821318545902653,0.36614643170052213,32,0.3,0.001,0.0,32,0.5,tanh,0.12709030100334448,0.8093645484949833,0.8093645484949833,0.8093645484949833,0.8093645484949833,0.29821318545902653
GDS_R4,1,2,11,f1_macro,0.298082869511441,0.38282797720608297,32,0.3,0.001,0.0,32,0.5,tanh,0.12751677852348994,0.8087248322147651,0.8087248322147651,0.8087248322147651,0.808724832214765,0.298082869511441
GDS_R4,1,3,11,f1_macro,0.298636926889715,0.3829839237570962,32,0.3,0.001,0.0,32,0.5,tanh,0.12570145903479238,0.8114478114478114,0.8114478114478114,0.8114478114478114,0.8114478114478115,0.298636926889715
GDS_R4,1,1,12,f1_macro,0.29821318545902653,0.3786762027179494,32,0.3,0.001,0.0,32,0.5,leaky_relu,0.12709030100334448,0.8093645484949833,0.8093645484949833,0.8093645484949833,0.8093645484949833,0.29821318545902653
GDS_R4,1,2,12,f1_macro,0.298082869511441,0.39963643582875297,32,0.3,0.001,0.0,32,0.5,leaky_relu,0.12751677852348994,0.8087248322147651,0.8087248322147651,0.8087248322147651,0.808724832214765,0.298082869511441
GDS_R4,1,3,12,f1_macro,0.298636926889715,0.3692536419460322,32,0.3,0.001,0.0,32,0.5,leaky_relu,0.12570145903479238,0.8114478114478114,0.8114478114478114,0.8114478114478114,0.8114478114478115,0.298636926889715
GDS_R4,2,1,1,f1_macro,0.29821318545902653,0.4069204180432646,32,0.3,0.001,0.0,32,0.5,relu,0.12709030100334448,0.8093645484949833,0.8093645484949833,0.8093645484949833,0.8093645484949833,0.29821318545902653
GDS_R4,2,2,1,f1_macro,0.42519731244315356,0.4421515114755438,32,0.3,0.001,0.0,32,0.5,relu,0.12263099219620958,0.8093645484949833,0.8118811881188119,0.822742474916388,0.8172757475083056,0.42519731244315356
GDS_R4,2,3,1,f1_macro,0.298636926889715,0.4192625757643212,32,0.3,0.001,0.0,32,0.5,relu,0.12570145903479238,0.8114478114478114,0.8114478114478114,0.8114478114478114,0.8114478114478115,0.298636926889715
GDS_R4,2,1,2,f1_macro,0.29821318545902653,0.4651765731357088,16,0.3,0.001,0.0,32,0.5,relu,0.13712374581939799,0.802675585284281,0.7857142857142857,0.8093645484949833,0.7973640856672158,0.29821318545902653
GDS_R4,2,2,2,f1_macro,0.29821318545902653,0.40930352335008197,16,0.3,0.001,0.0,32,0.5,relu,0.12709030100334448,0.8093645484949833,0.8093645484949833,0.8093645484949833,0.8093645484949833,0.29821318545902653
GDS_R4,2,3,2,f1_macro,0.2997512437810945,0.42744456685107685,16,0.3,0.001,0.0,32,0.5,relu,0.12345679012345678,0.8114478114478114,0.8169491525423729,0.8114478114478114,0.8141891891891891,0.2997512437810945
GDS_R4,2,1,3,f1_macro,0.29821318545902653,0.3508945825515977,64,0.3,0.001,0.0,32,0.5,relu,0.12709030100334448,0.8093645484949833,0.8093645484949833,0.8093645484949833,0.8093645484949833,0.29821318545902653
GDS_R4,2,2,3,f1_macro,0.29821318545902653,0.3634253635302486,64,0.3,0.001,0.0,32,0.5,relu,0.12709030100334448,0.8093645484949833,0.8093645484949833,0.8093645484949833,0.8093645484949833,0.29821318545902653
GDS_R4,2,3,3,f1_macro,0.298636926889715,0.35124878530518266,64,0.3,0.001,0.0,32,0.5,relu,0.12570145903479238,0.8114478114478114,0.8114478114478114,0.8114478114478114,0.8114478114478115,0.298636926889715
GDS_R4,2,1,4,f1_macro,0.29821318545902653,0.3701900217757129,32,0.2,0.001,0.0,32,0.5,relu,0.12709030100334448,0.8093645484949833,0.8093645484949833,0.8093645484949833,0.8093645484949833,0.29821318545902653
GDS_R4,2,2,4,f1_macro,0.29821318545902653,0.392952661986319,32,0.2,0.001,0.0,32,0.5,relu,0.12709030100334448,0.8093645484949833,0.8093645484949833,0.8093645484949833,0.8093645484949833,0.29821318545902653
GDS_R4,2,3,4,f1_macro,0.298636926889715,0.37128759576724124,32,0.2,0.001,0.0,32,0.5,relu,0.12570145903479238,0.8114478114478114,0.8114478114478114,0.8114478114478114,0.8114478114478115,0.298636926889715
GDS_R4,2,1,5,f1_macro,0.29821318545902653,0.38818013768068094,32,0.5,0.001,0.0,32,0.5,relu,0.12709030100334448,0.8093645484949833,0.8093645484949833,0.8093645484949833,0.8093645484949833,0.29821318545902653
GDS_R4,2,2,5,f1_macro,0.29821318545902653,0.41033106902301714,32,0.5,0.001,0.0,32,0.5,relu,0.12709030100334448,0.8093645484949833,0.8093645484949833,0.8093645484949833,0.8093645484949833,0.29821318545902653
GDS_R4,2,3,5,f1_macro,0.298636926889715,0.3937518100276041,32,0.5,0.001,0.0,32,0.5,relu,0.12570145903479238,0.8114478114478114,0.8114478114478114,0.8114478114478114,0.8114478114478115,0.298636926889715
GDS_R4,2,1,6,f1_macro,0.49852588907315276,0.30197277365114866,32,0.3,0.01,0.0,32,0.5,relu,0.11482720178372352,0.8193979933110368,0.8223684210526315,0.8361204013377926,0.8291873963515755,0.49852588907315276
GDS_R4,2,2,6,f1_macro,0.4216466339371367,0.29847462645313083,32,0.3,0.01,0.0,32,0.5,relu,0.11928651059085842,0.8193979933110368,0.82,0.822742474916388,0.8213689482470785,0.4216466339371367
GDS_R4,2,3,6,f1_macro,0.298636926889715,0.32123434264524325,32,0.3,0.01,0.0,32,0.5,relu,0.12570145903479238,0.8114478114478114,0.8114478114478114,0.8114478114478114,0.8114478114478115,0.298636926889715
GDS_R4,2,1,7,f1_macro,0.29821318545902653,0.38893991688753937,32,0.3,0.001,0.0001,32,0.5,relu,0.12709030100334448,0.8093645484949833,0.8093645484949833,0.8093645484949833,0.8093645484949833,0.29821318545902653
GDS_R4,2,2,7,f1_macro,0.29821318545902653,0.4230653281579882,32,0.3,0.001,0.0001,32,0.5,relu,0.12709030100334448,0.8093645484949833,0.8093645484949833,0.8093645484949833,0.8093645484949833,0.29821318545902653
GDS_R4,2,3,7,f1_macro,0.36992668237758575,0.378951136085102,32,0.3,0.001,0.0001,32,0.5,relu,0.12121212121212122,0.8181818181818182,0.8181818181818182,0.8181818181818182,0.8181818181818182,0.36992668237758575
GDS_R4,2,1,8,f1_macro,0.29821318545902653,0.34812154105845716,32,0.3,0.001,0.0,16,0.5,relu,0.12709030100334448,0.8093645484949833,0.8093645484949833,0.8093645484949833,0.8093645484949833,0.29821318545902653
GDS_R4,2,2,8,f1_macro,0.29821318545902653,0.3563012446733129,32,0.3,0.001,0.0,16,0.5,relu,0.12709030100334448,0.8093645484949833,0.8093645484949833,0.8093645484949833,0.8093645484949833,0.29821318545902653
GDS_R4,2,3,8,f1_macro,0.298636926889715,0.3376410793899294,32,0.3,0.001,0.0,16,0.5,relu,0.12570145903479238,0.8114478114478114,0.8114478114478114,0.8114478114478114,0.8114478114478115,0.298636926889715
GDS_R4,2,1,9,f1_macro,0.449728336974178,0.3695068993424409,32,0.3,0.001,0.0,32,0.4,relu,0.12151616499442586,0.8093645484949833,0.8125,0.8260869565217391,0.8192371475953565,0.449728336974178
GDS_R4,2,2,9,f1_macro,0.42519731244315356,0.3739095628261566,32,0.3,0.001,0.0,32,0.4,relu,0.12263099219620958,0.8093645484949833,0.8118811881188119,0.822742474916388,0.8172757475083056,0.42519731244315356
GDS_R4,2,3,9,f1_macro,0.425621053873842,0.37756156173836825,32,0.3,0.001,0.0,32,0.4,relu,0.12121212121212122,0.8114478114478114,0.813953488372093,0.8249158249158249,0.8193979933110368,0.425621053873842
GDS_R4,2,1,10,f1_macro,0.29987608426270135,0.3574159982420454,32,0.3,0.001,0.0,32,0.6,relu,0.12374581939799331,0.8093645484949833,0.8175675675675675,0.8093645484949833,0.8134453781512605,0.29987608426270135
GDS_R4,2,2,10,f1_macro,0.30143839899937463,0.38493506420378715,32,0.3,0.001,0.0,32,0.6,relu,0.12040133779264214,0.8060200668896321,0.8281786941580757,0.8060200668896321,0.8169491525423729,0.30143839899937463
GDS_R4,2,3,10,f1_macro,0.3011972274732199,0.3748092622461925,32,0.3,0.001,0.0,32,0.6,relu,0.12008978675645342,0.8047138047138047,0.8298611111111112,0.8047138047138047,0.8170940170940171,0.3011972274732199
GDS_R4,2,1,11,f1_macro,0.29821318545902653,0.3597250958817117,32,0.3,0.001,0.0,32,0.5,tanh,0.12709030100334448,0.8093645484949833,0.8093645484949833,0.8093645484949833,0.8093645484949833,0.29821318545902653
GDS_R4,2,2,11,f1_macro,0.29821318545902653,0.36438852528597687,32,0.3,0.001,0.0,32,0.5,tanh,0.12709030100334448,0.8093645484949833,0.8093645484949833,0.8093645484949833,0.8093645484949833,0.29821318545902653
GDS_R4,2,3,11,f1_macro,0.298636926889715,0.3562041282853155,32,0.3,0.001,0.0,32,0.5,tanh,0.12570145903479238,0.8114478114478114,0.8114478114478114,0.8114478114478114,0.8114478114478115,0.298636926889715
GDS_R4,2,1,12,f1_macro,0.29821318545902653,0.37442431793916947,32,0.3,0.001,0.0,32,0.5,leaky_relu,0.12709030100334448,0.8093645484949833,0.8093645484949833,0.8093645484949833,0.8093645484949833,0.29821318545902653
GDS_R4,2,2,12,f1_macro,0.29821318545902653,0.39267513775985513,32,0.3,0.001,0.0,32,0.5,leaky_relu,0.12709030100334448,0.8093645484949833,0.8093645484949833,0.8093645484949833,0.8093645484949833,0.29821318545902653
GDS_R4,2,3,12,f1_macro,0.298636926889715,0.38543156487088537,32,0.3,0.001,0.0,32,0.5,leaky_relu,0.12570145903479238,0.8114478114478114,0.8114478114478114,0.8114478114478114,0.8114478114478115,0.298636926889715
GDS_R4,3,1,1,f1_macro,0.29821318545902653,0.41321552659841193,32,0.3,0.001,0.0,32,0.5,relu,0.12709030100334448,0.8093645484949833,0.8093645484949833,0.8093645484949833,0.8093645484949833,0.29821318545902653
GDS_R4,3,2,1,f1_macro,0.29821318545902653,0.37921606054242024,32,0.3,0.001,0.0,32,0.5,relu,0.12709030100334448,0.8093645484949833,0.8093645484949833,0.8093645484949833,0.8093645484949833,0.29821318545902653
GDS_R4,3,3,1,f1_macro,0.298636926889715,0.3784898639123974,32,0.3,0.001,0.0,32,0.5,relu,0.12570145903479238,0.8114478114478114,0.8114478114478114,0.8114478114478114,0.8114478114478115,0.298636926889715
GDS_R4,3,1,2,f1_macro,0.29821318545902653,0.4628355555086328,16,0.3,0.001,0.0,32,0.5,relu,0.12709030100334448,0.8093645484949833,0.8093645484949833,0.8093645484949833,0.8093645484949833,0.29821318545902653
GDS_R4,3,2,2,f1_macro,0.5115465187923598,0.5799707462323592,16,0.3,0.001,0.0,32,0.5,relu,0.11817168338907469,0.8093645484949833,0.8143322475570033,0.8361204013377926,0.8250825082508251,0.5115465187923598
GDS_R4,3,3,2,f1_macro,0.298636926889715,0.44546770192308965,16,0.3,0.001,0.0,32,0.5,relu,0.12570145903479238,0.8114478114478114,0.8114478114478114,0.8114478114478114,0.8114478114478115,0.298636926889715
GDS_R4,3,1,3,f1_macro,0.29821318545902653,0.3511234989902317,64,0.3,0.001,0.0,32,0.5,relu,0.12709030100334448,0.8093645484949833,0.8093645484949833,0.8093645484949833,0.8093645484949833,0.29821318545902653
GDS_R4,3,2,3,f1_macro,0.29821318545902653,0.3491783920150475,64,0.3,0.001,0.0,32,0.5,relu,0.12709030100334448,0.8093645484949833,0.8093645484949833,0.8093645484949833,0.8093645484949833,0.29821318545902653
GDS_R4,3,3,3,f1_macro,0.298636926889715,0.35479676394558274,64,0.3,0.001,0.0,32,0.5,relu,0.12570145903479238,0.8114478114478114,0.8114478114478114,0.8114478114478114,0.8114478114478115,0.298636926889715
GDS_R4,3,1,4,f1_macro,0.29821318545902653,0.3655320764988061,32,0.2,0.001,0.0,32,0.5,relu,0.12709030100334448,0.8093645484949833,0.8093645484949833,0.8093645484949833,0.8093645484949833,0.29821318545902653
GDS_R4,3,2,4,f1_macro,0.29821318545902653,0.3937576933195127,32,0.2,0.001,0.0,32,0.5,relu,0.12709030100334448,0.8093645484949833,0.8093645484949833,0.8093645484949833,0.8093645484949833,0.29821318545902653
GDS_R4,3,3,4,f1_macro,0.298636926889715,0.37687018573483494,32,0.2,0.001,0.0,32,0.5,relu,0.12570145903479238,0.8114478114478114,0.8114478114478114,0.8114478114478114,0.8114478114478115,0.298636926889715
GDS_R4,3,1,5,f1_macro,0.29821318545902653,0.39100523503034706,32,0.5,0.001,0.0,32,0.5,relu,0.12709030100334448,0.8093645484949833,0.8093645484949833,0.8093645484949833,0.8093645484949833,0.29821318545902653
GDS_R4,3,2,5,f1_macro,0.29821318545902653,0.38123397039087026,32,0.5,0.001,0.0,32,0.5,relu,0.12709030100334448,0.8093645484949833,0.8093645484949833,0.8093645484949833,0.8093645484949833,0.29821318545902653
GDS_R4,3,3,5,f1_macro,0.298636926889715,0.3837917092253133,32,0.5,0.001,0.0,32,0.5,relu,0.12570145903479238,0.8114478114478114,0.8114478114478114,0.8114478114478114,0.8114478114478115,0.298636926889715
GDS_R4,3,1,6,f1_macro,0.5033413905872316,0.31852459367489655,32,0.3,0.01,0.0,32,0.5,relu,0.11928651059085842,0.8060200668896321,0.8116883116883117,0.8361204013377926,0.8237232289950577,0.5033413905872316
GDS_R4,3,2,6,f1_macro,0.4754706758770148,0.306762639708167,32,0.3,0.01,0.0,32,0.5,relu,0.11371237458193979,0.8260869565217391,0.8294314381270903,0.8294314381270903,0.8294314381270903,0.4754706758770148
GDS_R4,3,3,6,f1_macro,0.36881236548620616,0.3167978765374442,32,0.3,0.01,0.0,32,0.5,relu,0.12345679012345678,0.8114478114478114,0.8127090301003345,0.8181818181818182,0.8154362416107382,0.36881236548620616
GDS_R4,3,1,7,f1_macro,0.29821318545902653,0.36206843828994956,32,0.3,0.001,0.0001,32,0.5,relu,0.12709030100334448,0.8093645484949833,0.8093645484949833,0.8093645484949833,0.8093645484949833,0.29821318545902653
GDS_R4,3,2,7,f1_macro,0.3982131854590265,0.36977976220566156,32,0.3,0.001,0.0001,32,0.5,relu,0.12374581939799331,0.8093645484949833,0.8112582781456954,0.8193979933110368,0.8153078202995008,0.3982131854590265
GDS_R4,3,3,7,f1_macro,0.298636926889715,0.37667194656703784,32,0.3,0.001,0.0001,32,0.5,relu,0.12570145903479238,0.8114478114478114,0.8114478114478114,0.8114478114478114,0.8114478114478115,0.298636926889715
GDS_R4,3,1,8,f1_macro,0.29821318545902653,0.3433212221868886,32,0.3,0.001,0.0,16,0.5,relu,0.12709030100334448,0.8093645484949833,0.8093645484949833,0.8093645484949833,0.8093645484949833,0.29821318545902653
GDS_R4,3,2,8,f1_macro,0.29821318545902653,0.3602473984828731,32,0.3,0.001,0.0,16,0.5,relu,0.12709030100334448,0.8093645484949833,0.8093645484949833,0.8093645484949833,0.8093645484949833,0.29821318545902653
GDS_R4,3,3,8,f1_macro,0.298636926889715,0.34790312765434034,32,0.3,0.001,0.0,16,0.5,relu,0.12570145903479238,0.8114478114478114,0.8114478114478114,0.8114478114478114,0.8114478114478115,0.298636926889715
GDS_R4,3,1,9,f1_macro,0.5033413905872316,0.38820390293262147,32,0.3,0.001,0.0,32,0.4,relu,0.12486064659977704,0.8060200668896321,0.7987220447284346,0.8361204013377926,0.8169934640522876,0.5033413905872316
GDS_R4,3,2,9,f1_macro,0.3982131854590265,0.39448416033047157,32,0.3,0.001,0.0,32,0.4,relu,0.12709030100334448,0.8093645484949833,0.8032786885245902,0.8193979933110368,0.8112582781456955,0.3982131854590265
GDS_R4,3,3,9,f1_macro,0.36881236548620616,0.38282048841782634,32,0.3,0.001,0.0,32,0.4,relu,0.12570145903479238,0.8114478114478114,0.8073089700996677,0.8181818181818182,0.8127090301003345,0.36881236548620616
GDS_R4,3,1,10,f1_macro,0.30200501253132833,0.3910949530217471,32,0.3,0.001,0.0,32,0.6,relu,0.11928651059085842,0.8060200668896321,0.8310344827586207,0.8060200668896321,0.8183361629881155,0.30200501253132833
GDS_R4,3,2,10,f1_macro,0.3004345127250155,0.4010699307358505,32,0.3,0.001,0.0,32,0.6,relu,0.12263099219620958,0.8093645484949833,0.8203389830508474,0.8093645484949833,0.8148148148148148,0.3004345127250155
GDS_R4,3,3,10,f1_macro,0.30038022813688214,0.40281372734136806,32,0.3,0.001,0.0,32,0.6,relu,0.12121212121212122,0.797979797979798,0.8315789473684211,0.797979797979798,0.8144329896907218,0.30038022813688214
GDS_R4,3,1,11,f1_macro,0.29821318545902653,0.3572852096501613,32,0.3,0.001,0.0,32,0.5,tanh,0.12709030100334448,0.8093645484949833,0.8093645484949833,0.8093645484949833,0.8093645484949833,0.29821318545902653
GDS_R4,3,2,11,f1_macro,0.29821318545902653,0.36336375302916407,32,0.3,0.001,0.0,32,0.5,tanh,0.12709030100334448,0.8093645484949833,0.8093645484949833,0.8093645484949833,0.8093645484949833,0.29821318545902653
GDS_R4,3,3,11,f1_macro,0.298636926889715,0.3629857012659411,32,0.3,0.001,0.0,32,0.5,tanh,0.12570145903479238,0.8114478114478114,0.8114478114478114,0.8114478114478114,0.8114478114478115,0.298636926889715
GDS_R4,3,1,12,f1_macro,0.29821318545902653,0.3756153573525832,32,0.3,0.001,0.0,32,0.5,leaky_relu,0.12709030100334448,0.8093645484949833,0.8093645484949833,0.8093645484949833,0.8093645484949833,0.29821318545902653
GDS_R4,3,2,12,f1_macro,0.29821318545902653,0.3785957424032608,32,0.3,0.001,0.0,32,0.5,leaky_relu,0.12709030100334448,0.8093645484949833,0.8093645484949833,0.8093645484949833,0.8093645484949833,0.29821318545902653
GDS_R4,3,3,12,f1_macro,0.298636926889715,0.40114119768541395,32,0.3,0.001,0.0,32,0.5,leaky_relu,0.12570145903479238,0.8114478114478114,0.8114478114478114,0.8114478114478114,0.8114478114478115,0.298636926889715
GDS_R4,4,1,1,f1_macro,0.29821318545902653,0.3666952288390806,32,0.3,0.001,0.0,32,0.5,relu,0.12709030100334448,0.8093645484949833,0.8093645484949833,0.8093645484949833,0.8093645484949833,0.29821318545902653
GDS_R4,4,2,1,f1_macro,0.29821318545902653,0.387016479600996,32,0.3,0.001,0.0,32,0.5,relu,0.12709030100334448,0.8093645484949833,0.8093645484949833,0.8093645484949833,0.8093645484949833,0.29821318545902653
GDS_R4,4,3,1,f1_macro,0.30087390761548066,0.37868341554367424,32,0.3,0.001,0.0,32,0.5,relu,0.12121212121212122,0.8114478114478114,0.8225255972696246,0.8114478114478114,0.816949152542373,0.30087390761548066
GDS_R4,4,1,2,f1_macro,0.29821318545902653,0.3932717000478066,16,0.3,0.001,0.0,32,0.5,relu,0.12709030100334448,0.8093645484949833,0.8093645484949833,0.8093645484949833,0.8093645484949833,0.29821318545902653
GDS_R4,4,2,2,f1_macro,0.30031152647975073,0.4327617795675393,16,0.3,0.001,0.0,32,0.5,relu,0.12263099219620958,0.8060200668896321,0.8225255972696246,0.8060200668896321,0.8141891891891893,0.30031152647975073
GDS_R4,4,3,2,f1_macro,0.298636926889715,0.40565986956242334,16,0.3,0.001,0.0,32,0.5,relu,0.12570145903479238,0.8114478114478114,0.8114478114478114,0.8114478114478114,0.8114478114478115,0.298636926889715
GDS_R4,4,1,3,f1_macro,0.29821318545902653,0.34902695141382667,64,0.3,0.001,0.0,32,0.5,relu,0.12709030100334448,0.8093645484949833,0.8093645484949833,0.8093645484949833,0.8093645484949833,0.29821318545902653
GDS_R4,4,2,3,f1_macro,0.29821318545902653,0.35380313620471315,64,0.3,0.001,0.0,32,0.5,relu,0.12709030100334448,0.8093645484949833,0.8093645484949833,0.8093645484949833,0.8093645484949833,0.29821318545902653
GDS_R4,4,3,3,f1_macro,0.298636926889715,0.35954876273970143,64,0.3,0.001,0.0,32,0.5,relu,0.12570145903479238,0.8114478114478114,0.8114478114478114,0.8114478114478114,0.8114478114478115,0.298636926889715
GDS_R4,4,1,4,f1_macro,0.29821318545902653,0.37777946639381,32,0.2,0.001,0.0,32,0.5,relu,0.12709030100334448,0.8093645484949833,0.8093645484949833,0.8093645484949833,0.8093645484949833,0.29821318545902653
GDS_R4,4,2,4,f1_macro,0.29821318545902653,0.36415376939229516,32,0.2,0.001,0.0,32,0.5,relu,0.12709030100334448,0.8093645484949833,0.8093645484949833,0.8093645484949833,0.8093645484949833,0.29821318545902653
GDS_R4,4,3,4,f1_macro,0.298636926889715,0.3662864337099037,32,0.2,0.001,0.0,32,0.5,relu,0.12570145903479238,0.8114478114478114,0.8114478114478114,0.8114478114478114,0.8114478114478115,0.298636926889715
GDS_R4,4,1,5,f1_macro,0.29821318545902653,0.41119475652707504,32,0.5,0.001,0.0,32,0.5,relu,0.12709030100334448,0.8093645484949833,0.8093645484949833,0.8093645484949833,0.8093645484949833,0.29821318545902653
GDS_R4,4,2,5,f1_macro,0.29821318545902653,0.3826640828343846,32,0.5,0.001,0.0,32,0.5,relu,0.12709030100334448,0.8093645484949833,0.8093645484949833,0.8093645484949833,0.8093645484949833,0.29821318545902653
GDS_R4,4,3,5,f1_macro,0.30087390761548066,0.40816385191818544,32,0.5,0.001,0.0,32,0.5,relu,0.12121212121212122,0.8114478114478114,0.8225255972696246,0.8114478114478114,0.816949152542373,0.30087390761548066
GDS_R4,4,1,6,f1_macro,0.46654275092936803,0.290335912232431,32,0.3,0.01,0.0,32,0.5,relu,0.11817168338907469,0.8160535117056856,0.8184818481848185,0.8294314381270903,0.8239202657807309,0.46654275092936803
GDS_R4,4,2,6,f1_macro,0.4712854349951125,0.3074832539630416,32,0.3,0.01,0.0,32,0.5,relu,0.12151616499442586,0.8127090301003345,0.8166666666666667,0.8193979933110368,0.8180300500834725,0.4712854349951125
GDS_R4,4,3,6,f1_macro,0.45238905913063215,0.3172329150912754,32,0.3,0.01,0.0,32,0.5,relu,0.11560044893378227,0.8249158249158249,0.825503355704698,0.8282828282828283,0.826890756302521,0.45238905913063215
GDS_R4,4,1,7,f1_macro,0.29821318545902653,0.3631734345983339,32,0.3,0.001,0.0001,32,0.5,relu,0.12709030100334448,0.8093645484949833,0.8093645484949833,0.8093645484949833,0.8093645484949833,0.29821318545902653
GDS_R4,4,2,7,f1_macro,0.29821318545902653,0.37924961275702357,32,0.3,0.001,0.0001,32,0.5,relu,0.12709030100334448,0.8093645484949833,0.8093645484949833,0.8093645484949833,0.8093645484949833,0.29821318545902653
GDS_R4,4,3,7,f1_macro,0.298636926889715,0.37684488281557793,32,0.3,0.001,0.0001,32,0.5,relu,0.12570145903479238,0.8114478114478114,0.8114478114478114,0.8114478114478114,0.8114478114478115,0.298636926889715
GDS_R4,4,1,8,f1_macro,0.29821318545902653,0.34993374657710924,32,0.3,0.001,0.0,16,0.5,relu,0.12709030100334448,0.8093645484949833,0.8093645484949833,0.8093645484949833,0.8093645484949833,0.29821318545902653
GDS_R4,4,2,8,f1_macro,0.29821318545902653,0.33555433139104973,32,0.3,0.001,0.0,16,0.5,relu,0.12709030100334448,0.8093645484949833,0.8093645484949833,0.8093645484949833,0.8093645484949833,0.29821318545902653
GDS_R4,4,3,8,f1_macro,0.298636926889715,0.35786805543612477,32,0.3,0.001,0.0,16,0.5,relu,0.12570145903479238,0.8114478114478114,0.8114478114478114,0.8114478114478114,0.8114478114478115,0.298636926889715
GDS_R4,4,1,9,f1_macro,0.29821318545902653,0.37588318442338264,32,0.3,0.001,0.0,32,0.4,relu,0.13043478260869565,0.8093645484949833,0.8013245033112583,0.8093645484949833,0.805324459234609,0.29821318545902653
GDS_R4,4,2,9,f1_macro,0.4371020743479154,0.38081912646357646,32,0.3,0.001,0.0,32,0.4,relu,0.1326644370122631,0.802675585284281,0.7866242038216561,0.8260869565217391,0.8058727569331158,0.4371020743479154
GDS_R4,4,3,9,f1_macro,0.4501520784048665,0.3702011833023467,32,0.3,0.001,0.0,32,0.4,relu,0.12457912457912458,0.8114478114478114,0.803921568627451,0.8282828282828283,0.8159203980099502,0.4501520784048665
GDS_R4,4,1,10,f1_macro,0.2993197278911564,0.3644668329882142,32,0.3,0.001,0.0,32,0.6,relu,0.12486064659977704,0.8093645484949833,0.8148148148148148,0.8093645484949833,0.8120805369127516,0.2993197278911564
GDS_R4,4,2,10,f1_macro,0.29924242424242425,0.36737894291845746,32,0.3,0.001,0.0,32,0.6,relu,0.12374581939799331,0.7926421404682275,0.8286713286713286,0.7926421404682275,0.8102564102564104,0.29924242424242425
GDS_R4,4,3,10,f1_macro,0.3007518796992481,0.3865950192296784,32,0.3,0.001,0.0,32,0.6,relu,0.12121212121212122,0.8080808080808081,0.8247422680412371,0.8080808080808081,0.8163265306122448,0.3007518796992481
GDS_R4,4,1,11,f1_macro,0.29821318545902653,0.36368198822808745,32,0.3,0.001,0.0,32,0.5,tanh,0.12709030100334448,0.8093645484949833,0.8093645484949833,0.8093645484949833,0.8093645484949833,0.29821318545902653
GDS_R4,4,2,11,f1_macro,0.29821318545902653,0.35479189325499055,32,0.3,0.001,0.0,32,0.5,tanh,0.12709030100334448,0.8093645484949833,0.8093645484949833,0.8093645484949833,0.8093645484949833,0.29821318545902653
GDS_R4,4,3,11,f1_macro,0.298636926889715,0.3800781612412188,32,0.3,0.001,0.0,32,0.5,tanh,0.13019079685746351,0.8114478114478114,0.8006644518272426,0.8114478114478114,0.8060200668896321,0.298636926889715
GDS_R4,4,1,12,f1_macro,0.29821318545902653,0.37886360267664765,32,0.3,0.001,0.0,32,0.5,leaky_relu,0.12709030100334448,0.8093645484949833,0.8093645484949833,0.8093645484949833,0.8093645484949833,0.29821318545902653
GDS_R4,4,2,12,f1_macro,0.29821318545902653,0.36882747779756586,32,0.3,0.001,0.0,32,0.5,leaky_relu,0.12709030100334448,0.8093645484949833,0.8093645484949833,0.8093645484949833,0.8093645484949833,0.29821318545902653
GDS_R4,4,3,12,f1_macro,0.298636926889715,0.3884005556537156,32,0.3,0.001,0.0,32,0.5,leaky_relu,0.12570145903479238,0.8114478114478114,0.8114478114478114,0.8114478114478114,0.8114478114478115,0.298636926889715
GDS_R4,5,1,1,f1_macro,0.2976629766297663,0.3740537039299107,32,0.3,0.001,0.0,32,0.5,relu,0.1288888888888889,0.8066666666666666,0.8066666666666666,0.8066666666666666,0.8066666666666665,0.2976629766297663
GDS_R4,5,2,1,f1_macro,0.29821318545902653,0.3605660578877631,32,0.3,0.001,0.0,32,0.5,relu,0.12709030100334448,0.8093645484949833,0.8093645484949833,0.8093645484949833,0.8093645484949833,0.29821318545902653
GDS_R4,5,3,1,f1_macro,0.298082869511441,0.36836432654391943,32,0.3,0.001,0.0,32,0.5,relu,0.12751677852348994,0.8087248322147651,0.8087248322147651,0.8087248322147651,0.808724832214765,0.298082869511441
GDS_R4,5,1,2,f1_macro,0.2976629766297663,0.4338417840962434,16,0.3,0.001,0.0,32,0.5,relu,0.1288888888888889,0.8066666666666666,0.8066666666666666,0.8066666666666666,0.8066666666666665,0.2976629766297663
GDS_R4,5,2,2,f1_macro,0.29821318545902653,0.4766649304823732,16,0.3,0.001,0.0,32,0.5,relu,0.12709030100334448,0.8093645484949833,0.8093645484949833,0.8093645484949833,0.8093645484949833,0.29821318545902653
GDS_R4,5,3,2,f1_macro,0.298082869511441,0.4139792144497567,16,0.3,0.001,0.0,32,0.5,relu,0.12751677852348994,0.8087248322147651,0.8087248322147651,0.8087248322147651,0.808724832214765,0.298082869511441
GDS_R4,5,1,3,f1_macro,0.2976629766297663,0.36716119318551554,64,0.3,0.001,0.0,32,0.5,relu,0.1288888888888889,0.8066666666666666,0.8066666666666666,0.8066666666666666,0.8066666666666665,0.2976629766297663
GDS_R4,5,2,3,f1_macro,0.29821318545902653,0.3472634281801141,64,0.3,0.001,0.0,32,0.5,relu,0.12709030100334448,0.8093645484949833,0.8093645484949833,0.8093645484949833,0.8093645484949833,0.29821318545902653
GDS_R4,5,3,3,f1_macro,0.298082869511441,0.35465139538696494,64,0.3,0.001,0.0,32,0.5,relu,0.12751677852348994,0.8087248322147651,0.8087248322147651,0.8087248322147651,0.808724832214765,0.298082869511441
GDS_R4,5,1,4,f1_macro,0.2976629766297663,0.37046014733450294,32,0.2,0.001,0.0,32,0.5,relu,0.1288888888888889,0.8066666666666666,0.8066666666666666,0.8066666666666666,0.8066666666666665,0.2976629766297663
GDS_R4,5,2,4,f1_macro,0.29821318545902653,0.3570988212142102,32,0.2,0.001,0.0,32,0.5,relu,0.12709030100334448,0.8093645484949833,0.8093645484949833,0.8093645484949833,0.8093645484949833,0.29821318545902653
GDS_R4,5,3,4,f1_macro,0.298082869511441,0.38374439707781516,32,0.2,0.001,0.0,32,0.5,relu,0.12751677852348994,0.8087248322147651,0.8087248322147651,0.8087248322147651,0.808724832214765,0.298082869511441
GDS_R4,5,1,5,f1_macro,0.2976629766297663,0.3787225632611631,32,0.5,0.001,0.0,32,0.5,relu,0.1288888888888889,0.8066666666666666,0.8066666666666666,0.8066666666666666,0.8066666666666665,0.2976629766297663
GDS_R4,5,2,5,f1_macro,0.29821318545902653,0.3717060985174466,32,0.5,0.001,0.0,32,0.5,relu,0.12709030100334448,0.8093645484949833,0.8093645484949833,0.8093645484949833,0.8093645484949833,0.29821318545902653
GDS_R4,5,3,5,f1_macro,0.298082869511441,0.38273840515760826,32,0.5,0.001,0.0,32,0.5,relu,0.12751677852348994,0.8087248322147651,0.8087248322147651,0.8087248322147651,0.808724832214765,0.298082869511441
GDS_R4,5,1,6,f1_macro,0.3611550401218298,0.3186552739223244,32,0.3,0.01,0.0,32,0.5,relu,0.12777777777777777,0.8033333333333333,0.8052805280528053,0.8133333333333334,0.8092868988391376,0.3611550401218298
GDS_R4,5,2,6,f1_macro,0.33525022249606357,0.31303608816204265,32,0.3,0.01,0.0,32,0.5,relu,0.12597547380156077,0.8093645484949833,0.81,0.8127090301003345,0.8113522537562604,0.33525022249606357
GDS_R4,5,3,6,f1_macro,0.48315047021943575,0.32270947208189604,32,0.3,0.01,0.0,32,0.5,relu,0.11968680089485459,0.8154362416107382,0.8193979933110368,0.8221476510067114,0.8207705192629815,0.48315047021943575
GDS_R4,5,1,7,f1_macro,0.2976629766297663,0.3679352881421196,32,0.3,0.001,0.0001,32,0.5,relu,0.1288888888888889,0.8066666666666666,0.8066666666666666,0.8066666666666666,0.8066666666666665,0.2976629766297663
GDS_R4,5,2,7,f1_macro,0.29821318545902653,0.3675023028284411,32,0.3,0.001,0.0001,32,0.5,relu,0.12709030100334448,0.8093645484949833,0.8093645484949833,0.8093645484949833,0.8093645484949833,0.29821318545902653
GDS_R4,5,3,7,f1_macro,0.298082869511441,0.3877493624695155,32,0.3,0.001,0.0001,32,0.5,relu,0.12751677852348994,0.8087248322147651,0.8087248322147651,0.8087248322147651,0.808724832214765,0.298082869511441
GDS_R4,5,1,8,f1_macro,0.2976629766297663,0.3550099422983588,32,0.3,0.001,0.0,16,0.5,relu,0.1288888888888889,0.8066666666666666,0.8066666666666666,0.8066666666666666,0.8066666666666665,0.2976629766297663
GDS_R4,5,2,8,f1_macro,0.29821318545902653,0.34538971510619226,32,0.3,0.001,0.0,16,0.5,relu,0.12709030100334448,0.8093645484949833,0.8093645484949833,0.8093645484949833,0.8093645484949833,0.29821318545902653
GDS_R4,5,3,8,f1_macro,0.298082869511441,0.35402757964269543,32,0.3,0.001,0.0,16,0.5,relu,0.12751677852348994,0.8087248322147651,0.8087248322147651,0.8087248322147651,0.808724832214765,0.298082869511441
GDS_R4,5,1,9,f1_macro,0.4136050056152736,0.381676632954647,32,0.3,0.001,0.0,32,0.4,relu,0.13333333333333333,0.8,0.7884615384615384,0.82,0.803921568627451,0.4136050056152736
GDS_R4,5,2,9,f1_macro,0.42519731244315356,0.38468666858098977,32,0.3,0.001,0.0,32,0.4,relu,0.12709030100334448,0.8093645484949833,0.8013029315960912,0.822742474916388,0.8118811881188119,0.42519731244315356
GDS_R4,5,3,9,f1_macro,0.298082869511441,0.3779927033912359,32,0.3,0.001,0.0,32,0.4,relu,0.12751677852348994,0.8087248322147651,0.8087248322147651,0.8087248322147651,0.808724832214765,0.298082869511441
GDS_R4,5,1,10,f1_macro,0.299498746867168,0.38788852105587973,32,0.3,0.001,0.0,32,0.6,relu,0.12444444444444444,0.7966666666666666,0.8241379310344827,0.7966666666666666,0.8101694915254237,0.299498746867168
GDS_R4,5,2,10,f1_macro,0.29987608426270135,0.3596412968077389,32,0.3,0.001,0.0,32,0.6,relu,0.12374581939799331,0.8093645484949833,0.8175675675675675,0.8093645484949833,0.8134453781512605,0.29987608426270135
GDS_R4,5,3,10,f1_macro,0.2999369880277253,0.40479599081216155,32,0.3,0.001,0.0,32,0.6,relu,0.12304250559284116,0.7986577181208053,0.8263888888888888,0.7986577181208053,0.8122866894197951,0.2999369880277253
GDS_R4,5,1,11,f1_macro,0.2976629766297663,0.37147714170179574,32,0.3,0.001,0.0,32,0.5,tanh,0.1288888888888889,0.8066666666666666,0.8066666666666666,0.8066666666666666,0.8066666666666665,0.2976629766297663
GDS_R4,5,2,11,f1_macro,0.29821318545902653,0.3571289017248313,32,0.3,0.001,0.0,32,0.5,tanh,0.12709030100334448,0.8093645484949833,0.8093645484949833,0.8093645484949833,0.8093645484949833,0.29821318545902653
GDS_R4,5,3,11,f1_macro,0.298082869511441,0.36328895467151584,32,0.3,0.001,0.0,32,0.5,tanh,0.12751677852348994,0.8087248322147651,0.8087248322147651,0.8087248322147651,0.808724832214765,0.298082869511441
GDS_R4,5,1,12,f1_macro,0.2976629766297663,0.3848655510887229,32,0.3,0.001,0.0,32,0.5,leaky_relu,0.1288888888888889,0.8066666666666666,0.8066666666666666,0.8066666666666666,0.8066666666666665,0.2976629766297663
GDS_R4,5,2,12,f1_macro,0.29821318545902653,0.3784545524463207,32,0.3,0.001,0.0,32,0.5,leaky_relu,0.12709030100334448,0.8093645484949833,0.8093645484949833,0.8093645484949833,0.8093645484949833,0.29821318545902653
GDS_R4,5,3,12,f1_macro,0.298082869511441,0.38107253364808175,32,0.3,0.001,0.0,32,0.5,leaky_relu,0.12751677852348994,0.8087248322147651,0.8087248322147651,0.8087248322147651,0.808724832214765,0.298082869511441
GDS_R5,1,1,1,f1_macro,0.29152814716312053,0.4443959634844996,32,0.3,0.001,0.0,32,0.5,relu,0.19063545150501673,0.7123745819397993,0.7133333333333334,0.7157190635451505,0.7145242070116862,0.29152814716312053
GDS_R5,1,2,1,f1_macro,0.27734375,0.4687992447564582,32,0.3,0.001,0.0,32,0.5,relu,0.19175027870680045,0.7123745819397993,0.7123745819397993,0.7123745819397993,0.7123745819397993,0.27734375
GDS_R5,1,3,1,f1_macro,0.27821522309711283,0.4631381726583908,32,0.3,0.001,0.0,32,0.5,relu,0.1891891891891892,0.7162162162162162,0.7162162162162162,0.7162162162162162,0.7162162162162162,0.27821522309711283
GDS_R5,1,1,2,f1_macro,0.2937119562182387,0.4822697955019334,16,0.3,0.001,0.0,32,0.5,relu,0.18617614269788182,0.7157190635451505,0.722972972972973,0.7157190635451505,0.719327731092437,0.2937119562182387
GDS_R5,1,2,2,f1_macro,0.28437290409121396,0.508558275419123,16,0.3,0.001,0.0,32,0.5,relu,0.17725752508361203,0.7090301003344481,0.7464788732394366,0.7090301003344481,0.7272727272727273,0.28437290409121396
GDS_R5,1,3,2,f1_macro,0.32153465346534654,0.469578362428225,16,0.3,0.001,0.0,32,0.5,relu,0.18243243243243243,0.7263513513513513,0.7263513513513513,0.7263513513513513,0.7263513513513514,0.32153465346534654
GDS_R5,1,1,3,f1_macro,0.27788649706457924,0.4343621969723902,64,0.3,0.001,0.0,32,0.5,relu,0.19063545150501673,0.7123745819397993,0.714765100671141,0.7123745819397993,0.7135678391959799,0.27788649706457924
GDS_R5,1,2,3,f1_macro,0.3434174521131043,0.4337661302390219,64,0.3,0.001,0.0,32,0.5,relu,0.18283166109253066,0.725752508361204,0.725752508361204,0.725752508361204,0.725752508361204,0.3434174521131043
GDS_R5,1,3,3,f1_macro,0.27876397107166334,0.4483249473531908,64,0.3,0.001,0.0,32,0.5,relu,0.18806306306306306,0.7162162162162162,0.7186440677966102,0.7162162162162162,0.7174280879864636,0.27876397107166334
GDS_R5,1,1,4,f1_macro,0.27734375,0.46116509637912784,32,0.2,0.001,0.0,32,0.5,relu,0.19175027870680045,0.7123745819397993,0.7123745819397993,0.7123745819397993,0.7123745819397993,0.27734375
GDS_R5,1,2,4,f1_macro,0.27734375,0.45462578915748275,32,0.2,0.001,0.0,32,0.5,relu,0.19175027870680045,0.7123745819397993,0.7123745819397993,0.7123745819397993,0.7123745819397993,0.27734375
GDS_R5,1,3,4,f1_macro,0.3198818897637795,0.46126131568864037,32,0.2,0.001,0.0,32,0.5,relu,0.1858108108108108,0.7162162162162162,0.7190635451505016,0.7263513513513513,0.7226890756302521,0.3198818897637795
GDS_R5,1,1,5,f1_macro,0.27734375,0.4600675857367636,32,0.5,0.001,0.0,32,0.5,relu,0.19175027870680045,0.7123745819397993,0.7123745819397993,0.7123745819397993,0.7123745819397993,0.27734375
GDS_R5,1,2,5,f1_macro,0.27734375,0.4637131125987077,32,0.5,0.001,0.0,32,0.5,relu,0.19175027870680045,0.7123745819397993,0.7123745819397993,0.7123745819397993,0.7123745819397993,0.27734375
GDS_R5,1,3,5,f1_macro,0.27821522309711283,0.4805860116728971,32,0.5,0.001,0.0,32,0.5,relu,0.1891891891891892,0.7162162162162162,0.7162162162162162,0.7162162162162162,0.7162162162162162,0.27821522309711283
GDS_R5,1,1,6,f1_macro,0.5048056993569907,0.3905425563579848,32,0.3,0.01,0.0,32,0.5,relu,0.14492753623188406,0.7792642140468228,0.782608695652174,0.782608695652174,0.782608695652174,0.5048056993569907
GDS_R5,1,2,6,f1_macro,0.4883673365035537,0.3817063434284274,32,0.3,0.01,0.0,32,0.5,relu,0.15719063545150502,0.7591973244147158,0.7633333333333333,0.7658862876254181,0.7646076794657763,0.4883673365035537
GDS_R5,1,3,6,f1_macro,0.4861169837914024,0.3809156661049578,32,0.3,0.01,0.0,32,0.5,relu,0.1554054054054054,0.7601351351351351,0.7668918918918919,0.7668918918918919,0.7668918918918919,0.4861169837914024
GDS_R5,1,1,7,f1_macro,0.27734375,0.45974456472557135,32,0.3,0.001,0.0001,32,0.5,relu,0.19175027870680045,0.7123745819397993,0.7123745819397993,0.7123745819397993,0.7123745819397993,0.27734375
GDS_R5,1,2,7,f1_macro,0.27734375,0.45804495951708624,32,0.3,0.001,0.0001,32,0.5,relu,0.19175027870680045,0.7123745819397993,0.7123745819397993,0.7123745819397993,0.7123745819397993,0.27734375
GDS_R5,1,3,7,f1_macro,0.27821522309711283,0.4568927055816587,32,0.3,0.001,0.0001,32,0.5,relu,0.1891891891891892,0.7162162162162162,0.7162162162162162,0.7162162162162162,0.7162162162162162,0.27821522309711283
GDS_R5,1,1,8,f1_macro,0.29316278616115593,0.43472721336268577,32,0.3,0.001,0.0,16,0.5,relu,0.18729096989966554,0.7157190635451505,0.7205387205387206,0.7157190635451505,0.7181208053691276,0.29316278616115593
GDS_R5,1,2,8,f1_macro,0.2804232804232804,0.4517640873163688,32,0.3,0.001,0.0,16,0.5,relu,0.1850613154960981,0.7090301003344481,0.7285223367697594,0.7090301003344481,0.7186440677966102,0.2804232804232804
GDS_R5,1,3,8,f1_macro,0.27821522309711283,0.4478945070285861,32,0.3,0.001,0.0,16,0.5,relu,0.1891891891891892,0.7162162162162162,0.7162162162162162,0.7162162162162162,0.7162162162162162,0.27821522309711283
GDS_R5,1,1,9,f1_macro,0.3051215277777778,0.46055743904674756,32,0.3,0.001,0.0,32,0.4,relu,0.1939799331103679,0.7123745819397993,0.7049180327868853,0.7190635451505016,0.7119205298013246,0.3051215277777778
GDS_R5,1,2,9,f1_macro,0.374313446969697,0.4510722664724879,32,0.3,0.001,0.0,32,0.4,relu,0.18394648829431437,0.7090301003344481,0.7175324675324676,0.7391304347826086,0.7281713344316311,0.374313446969697
GDS_R5,1,3,9,f1_macro,0.34488188976377954,0.45615535914698574,32,0.3,0.001,0.0,32,0.4,relu,0.18806306306306306,0.7162162162162162,0.7114754098360656,0.7331081081081081,0.7221297836938435,0.34488188976377954
GDS_R5,1,1,10,f1_macro,0.286490156143924,0.47049821464955305,32,0.3,0.001,0.0,32,0.6,relu,0.17279821627647715,0.705685618729097,0.7589928057553957,0.705685618729097,0.7313691507798961,0.286490156143924
GDS_R5,1,2,10,f1_macro,0.28943758573388206,0.45680611333927185,32,0.3,0.001,0.0,32,0.6,relu,0.16722408026755853,0.705685618729097,0.7728937728937729,0.705685618729097,0.7377622377622378,0.28943758573388206
GDS_R5,1,3,10,f1_macro,0.289437585733882,0.45400154351390726,32,0.3,0.001,0.0,32,0.6,relu,0.16666666666666666,0.7128378378378378,0.7700729927007299,0.7128378378378378,0.7403508771929824,0.289437585733882
GDS_R5,1,1,11,f1_macro,0.2920708942276998,0.44567822017589537,32,0.3,0.001,0.0,32,0.5,tanh,0.189520624303233,0.7157190635451505,0.7157190635451505,0.7157190635451505,0.7157190635451505,0.2920708942276998
GDS_R5,1,2,11,f1_macro,0.27734375,0.45775100323332457,32,0.3,0.001,0.0,32,0.5,tanh,0.19175027870680045,0.7123745819397993,0.7123745819397993,0.7123745819397993,0.7123745819397993,0.27734375
GDS_R5,1,3,11,f1_macro,0.27821522309711283,0.45295308465543,32,0.3,0.001,0.0,32,0.5,tanh,0.1891891891891892,0.7162162162162162,0.7162162162162162,0.7162162162162162,0.7162162162162162,0.27821522309711283
GDS_R5,1,1,12,f1_macro,0.27734375,0.4550918203942916,32,0.3,0.001,0.0,32,0.5,leaky_relu,0.19175027870680045,0.7123745819397993,0.7123745819397993,0.7123745819397993,0.7123745819397993,0.27734375
GDS_R5,1,2,12,f1_macro,0.27734375,0.46324841886007484,32,0.3,0.001,0.0,32,0.5,leaky_relu,0.19175027870680045,0.7123745819397993,0.7123745819397993,0.7123745819397993,0.7123745819397993,0.27734375
GDS_R5,1,3,12,f1_macro,0.27821522309711283,0.4503484108176917,32,0.3,0.001,0.0,32,0.5,leaky_relu,0.1891891891891892,0.7162162162162162,0.7162162162162162,0.7162162162162162,0.7162162162162162,0.27821522309711283
GDS_R5,2,1,1,f1_macro,0.27734375,0.46665954680002036,32,0.3,0.001,0.0,32,0.5,relu,0.19175027870680045,0.7123745819397993,0.7123745819397993,0.7123745819397993,0.7123745819397993,0.27734375
GDS_R5,2,2,1,f1_macro,0.33286089238845146,0.4865483322063414,32,0.3,0.001,0.0,32,0.5,relu,0.18283166109253066,0.725752508361204,0.725752508361204,0.725752508361204,0.725752508361204,0.33286089238845146
GDS_R5,2,3,1,f1_macro,0.27821522309711283,0.46161108989779365,32,0.3,0.001,0.0,32,0.5,relu,0.1891891891891892,0.7162162162162162,0.7162162162162162,0.7162162162162162,0.7162162162162162,0.27821522309711283
GDS_R5,2,1,2,f1_macro,0.27788649706457924,0.520691705551468,16,0.3,0.001,0.0,32,0.5,relu,0.19843924191750278,0.7123745819397993,0.6983606557377049,0.7123745819397993,0.705298013245033,0.27788649706457924
GDS_R5,2,2,2,f1_macro,0.27734375,0.4924602850144651,16,0.3,0.001,0.0,32,0.5,relu,0.19175027870680045,0.7123745819397993,0.7123745819397993,0.7123745819397993,0.7123745819397993,0.27734375
GDS_R5,2,3,2,f1_macro,0.2807717897538256,0.4845268238946347,16,0.3,0.001,0.0,32,0.5,relu,0.18355855855855857,0.7128378378378378,0.7301038062283737,0.7128378378378378,0.7213675213675214,0.2807717897538256
GDS_R5,2,1,3,f1_macro,0.27734375,0.4326104647973005,64,0.3,0.001,0.0,32,0.5,relu,0.19175027870680045,0.7123745819397993,0.7123745819397993,0.7123745819397993,0.7123745819397993,0.27734375
GDS_R5,2,2,3,f1_macro,0.27734375,0.43646883298369016,64,0.3,0.001,0.0,32,0.5,relu,0.19175027870680045,0.7123745819397993,0.7123745819397993,0.7123745819397993,0.7123745819397993,0.27734375
GDS_R5,2,3,3,f1_macro,0.27821522309711283,0.43608710109988186,64,0.3,0.001,0.0,32,0.5,relu,0.1891891891891892,0.7162162162162162,0.7162162162162162,0.7162162162162162,0.7162162162162162,0.27821522309711283
GDS_R5,2,1,4,f1_macro,0.27734375,0.43767893524730905,32,0.2,0.001,0.0,32,0.5,relu,0.19175027870680045,0.7123745819397993,0.7123745819397993,0.7123745819397993,0.7123745819397993,0.27734375
GDS_R5,2,2,4,f1_macro,0.33396574440052706,0.4583635739418639,32,0.2,0.001,0.0,32,0.5,relu,0.1806020066889632,0.725752508361204,0.7306397306397306,0.725752508361204,0.7281879194630871,0.33396574440052706
GDS_R5,2,3,4,f1_macro,0.27821522309711283,0.4484874680887497,32,0.2,0.001,0.0,32,0.5,relu,0.1891891891891892,0.7162162162162162,0.7162162162162162,0.7162162162162162,0.7162162162162162,0.27821522309711283
GDS_R5,2,1,5,f1_macro,0.27734375,0.4731373686750396,32,0.5,0.001,0.0,32,0.5,relu,0.19175027870680045,0.7123745819397993,0.7123745819397993,0.7123745819397993,0.7123745819397993,0.27734375
GDS_R5,2,2,5,f1_macro,0.27734375,0.46953037726778946,32,0.5,0.001,0.0,32,0.5,relu,0.19175027870680045,0.7123745819397993,0.7123745819397993,0.7123745819397993,0.7123745819397993,0.27734375
GDS_R5,2,3,5,f1_macro,0.27821522309711283,0.4722005418909832,32,0.5,0.001,0.0,32,0.5,relu,0.1891891891891892,0.7162162162162162,0.7162162162162162,0.7162162162162162,0.7162162162162162,0.27821522309711283
GDS_R5,2,1,6,f1_macro,0.5038259206121474,0.375117546770753,32,0.3,0.01,0.0,32,0.5,relu,0.15384615384615385,0.7658862876254181,0.7692307692307693,0.7692307692307693,0.7692307692307693,0.5038259206121474
GDS_R5,2,2,6,f1_macro,0.5103224309904895,0.3722429997780744,32,0.3,0.01,0.0,32,0.5,relu,0.14604236343366778,0.7792642140468228,0.7818791946308725,0.7792642140468228,0.780569514237856,0.5103224309904895
GDS_R5,2,3,6,f1_macro,0.519194287947684,0.38640378709620854,32,0.3,0.01,0.0,32,0.5,relu,0.13851351351351351,0.7905405405405406,0.7932203389830509,0.7905405405405406,0.7918781725888325,0.519194287947684
GDS_R5,2,1,7,f1_macro,0.2800788954635109,0.45993229601563523,32,0.3,0.001,0.0001,32,0.5,relu,0.18617614269788182,0.7123745819397993,0.7244897959183674,0.7123745819397993,0.7183811129848229,0.2800788954635109
GDS_R5,2,2,7,f1_macro,0.3356394963552021,0.4861066393491601,32,0.3,0.001,0.0001,32,0.5,relu,0.17725752508361203,0.725752508361204,0.7380952380952381,0.725752508361204,0.7318718381112985,0.3356394963552021
GDS_R5,2,3,7,f1_macro,0.3215881162844379,0.44676124321975835,32,0.3,0.001,0.0001,32,0.5,relu,0.18130630630630631,0.722972972972973,0.7303754266211604,0.722972972972973,0.7266553480475383,0.3215881162844379
GDS_R5,2,1,8,f1_macro,0.28118811881188116,0.43230079046818387,32,0.3,0.001,0.0,16,0.5,relu,0.18394648829431437,0.7123745819397993,0.7294520547945206,0.7123745819397993,0.7208121827411168,0.28118811881188116
GDS_R5,2,2,8,f1_macro,0.27734375,0.4445745690530088,32,0.3,0.001,0.0,16,0.5,relu,0.19175027870680045,0.7123745819397993,0.7123745819397993,0.7123745819397993,0.7123745819397993,0.27734375
GDS_R5,2,3,8,f1_macro,0.27821522309711283,0.43483660412472624,32,0.3,0.001,0.0,16,0.5,relu,0.1891891891891892,0.7162162162162162,0.7162162162162162,0.7162162162162162,0.7162162162162162,0.27821522309711283
GDS_R5,2,1,9,f1_macro,0.33067708333333334,0.4500221771352431,32,0.3,0.001,0.0,32,0.4,relu,0.18729096989966554,0.7123745819397993,0.7161716171617162,0.725752508361204,0.7209302325581395,0.33067708333333334
GDS_R5,2,2,9,f1_macro,0.342703227124183,0.4563688946872198,32,0.3,0.001,0.0,32,0.4,relu,0.18617614269788182,0.7123745819397993,0.7171052631578947,0.7290969899665551,0.7230514096185738,0.342703227124183
GDS_R5,2,3,9,f1_macro,0.38535808023997004,0.45066611344200314,32,0.3,0.001,0.0,32,0.4,relu,0.18130630630630631,0.7094594594594594,0.7198697068403909,0.7466216216216216,0.7330016583747927,0.38535808023997004
GDS_R5,2,1,10,f1_macro,0.2800788954635109,0.44726203339440485,32,0.3,0.001,0.0,32,0.6,relu,0.18617614269788182,0.7123745819397993,0.7244897959183674,0.7123745819397993,0.7183811129848229,0.2800788954635109
GDS_R5,2,2,10,f1_macro,0.285140562248996,0.4590397088968453,32,0.3,0.001,0.0,32,0.6,relu,0.17614269788182832,0.7123745819397993,0.7473684210526316,0.7123745819397993,0.7294520547945206,0.285140562248996
GDS_R5,2,3,10,f1_macro,0.2837746096401901,0.447912056709213,32,0.3,0.001,0.0,32,0.6,relu,0.1768018018018018,0.706081081081081,0.7491039426523297,0.706081081081081,0.7269565217391304,0.2837746096401901
GDS_R5,2,1,11,f1_macro,0.27734375,0.4425367706963996,32,0.3,0.001,0.0,32,0.5,tanh,0.19175027870680045,0.7123745819397993,0.7123745819397993,0.7123745819397993,0.7123745819397993,0.27734375
GDS_R5,2,2,11,f1_macro,0.27734375,0.44494061039275484,32,0.3,0.001,0.0,32,0.5,tanh,0.19175027870680045,0.7123745819397993,0.7123745819397993,0.7123745819397993,0.7123745819397993,0.27734375
GDS_R5,2,3,11,f1_macro,0.27821522309711283,0.4473344800264939,32,0.3,0.001,0.0,32,0.5,tanh,0.1891891891891892,0.7162162162162162,0.7162162162162162,0.7162162162162162,0.7162162162162162,0.27821522309711283
GDS_R5,2,1,12,f1_macro,0.27734375,0.4476857618624423,32,0.3,0.001,0.0,32,0.5,leaky_relu,0.19175027870680045,0.7123745819397993,0.7123745819397993,0.7123745819397993,0.7123745819397993,0.27734375
GDS_R5,2,2,12,f1_macro,0.27734375,0.45473941444348887,32,0.3,0.001,0.0,32,0.5,leaky_relu,0.19175027870680045,0.7123745819397993,0.7123745819397993,0.7123745819397993,0.7123745819397993,0.27734375
GDS_R5,2,3,12,f1_macro,0.27876397107166334,0.4595669893716091,32,0.3,0.001,0.0,32,0.5,leaky_relu,0.18806306306306306,0.7162162162162162,0.7186440677966102,0.7162162162162162,0.7174280879864636,0.27876397107166334
GDS_R5,3,1,1,f1_macro,0.27734375,0.4685514951312302,32,0.3,0.001,0.0,32,0.5,relu,0.19175027870680045,0.7123745819397993,0.7123745819397993,0.7123745819397993,0.7123745819397993,0.27734375
GDS_R5,3,2,1,f1_macro,0.27734375,0.4590064083169771,32,0.3,0.001,0.0,32,0.5,relu,0.19175027870680045,0.7123745819397993,0.7123745819397993,0.7123745819397993,0.7123745819397993,0.27734375
GDS_R5,3,3,1,f1_macro,0.2776686313032089,0.4584237245412973,32,0.3,0.001,0.0,32,0.5,relu,0.19079685746352412,0.7138047138047138,0.7138047138047138,0.7138047138047138,0.7138047138047139,0.2776686313032089
GDS_R5,3,1,2,f1_macro,0.29152814716312053,0.5137291132603716,16,0.3,0.001,0.0,32,0.5,relu,0.19063545150501673,0.7123745819397993,0.7133333333333334,0.7157190635451505,0.7145242070116862,0.29152814716312053
GDS_R5,3,2,2,f1_macro,0.42342283344247983,0.6008623402390704,16,0.3,0.001,0.0,32,0.5,relu,0.1750278706800446,0.7190635451505016,0.7290322580645161,0.7558528428093646,0.7422003284072249,0.42342283344247983
GDS_R5,3,3,2,f1_macro,0.2776686313032089,0.49753253615420795,16,0.3,0.001,0.0,32,0.5,relu,0.19079685746352412,0.7138047138047138,0.7138047138047138,0.7138047138047138,0.7138047138047139,0.2776686313032089
GDS_R5,3,1,3,f1_macro,0.27734375,0.4358488749337676,64,0.3,0.001,0.0,32,0.5,relu,0.19175027870680045,0.7123745819397993,0.7123745819397993,0.7123745819397993,0.7123745819397993,0.27734375
GDS_R5,3,2,3,f1_macro,0.28286852589641437,0.4370921490176412,64,0.3,0.001,0.0,32,0.5,relu,0.1806020066889632,0.7123745819397993,0.7370242214532872,0.7123745819397993,0.7244897959183674,0.28286852589641437
GDS_R5,3,3,3,f1_macro,0.2776686313032089,0.4480751215614204,64,0.3,0.001,0.0,32,0.5,relu,0.19079685746352412,0.7138047138047138,0.7138047138047138,0.7138047138047138,0.7138047138047139,0.2776686313032089
GDS_R5,3,1,4,f1_macro,0.27843137254901956,0.4475944736259896,32,0.2,0.001,0.0,32,0.5,relu,0.189520624303233,0.7123745819397993,0.7171717171717171,0.7123745819397993,0.7147651006711409,0.27843137254901956
GDS_R5,3,2,4,f1_macro,0.27734375,0.4617635107680455,32,0.2,0.001,0.0,32,0.5,relu,0.19175027870680045,0.7123745819397993,0.7123745819397993,0.7123745819397993,0.7123745819397993,0.27734375
GDS_R5,3,3,4,f1_macro,0.2776686313032089,0.45609018565420323,32,0.2,0.001,0.0,32,0.5,relu,0.19079685746352412,0.7138047138047138,0.7138047138047138,0.7138047138047138,0.7138047138047139,0.2776686313032089
GDS_R5,3,1,5,f1_macro,0.27734375,0.4706878782118727,32,0.5,0.001,0.0,32,0.5,relu,0.19175027870680045,0.7123745819397993,0.7123745819397993,0.7123745819397993,0.7123745819397993,0.27734375
GDS_R5,3,2,5,f1_macro,0.27734375,0.46831660362698085,32,0.5,0.001,0.0,32,0.5,relu,0.19175027870680045,0.7123745819397993,0.7123745819397993,0.7123745819397993,0.7123745819397993,0.27734375
GDS_R5,3,3,5,f1_macro,0.2776686313032089,0.4801904914969186,32,0.5,0.001,0.0,32,0.5,relu,0.19079685746352412,0.7138047138047138,0.7138047138047138,0.7138047138047138,0.7138047138047139,0.2776686313032089
GDS_R5,3,1,6,f1_macro,0.5070260115875717,0.3858189064784338,32,0.3,0.01,0.0,32,0.5,relu,0.14715719063545152,0.7692307692307693,0.7737704918032787,0.7892976588628763,0.7814569536423841,0.5070260115875717
GDS_R5,3,2,6,f1_macro,0.4813258636788049,0.37909220669093546,32,0.3,0.01,0.0,32,0.5,relu,0.16276477146042365,0.7525083612040134,0.7541528239202658,0.7591973244147158,0.7566666666666667,0.4813258636788049
GDS_R5,3,3,6,f1_macro,0.49777517564402807,0.39722218471625975,32,0.3,0.01,0.0,32,0.5,relu,0.14702581369248036,0.7744107744107744,0.7766666666666666,0.7845117845117845,0.780569514237856,0.49777517564402807
GDS_R5,3,1,7,f1_macro,0.27734375,0.4495711640623592,32,0.3,0.001,0.0001,32,0.5,relu,0.19175027870680045,0.7123745819397993,0.7123745819397993,0.7123745819397993,0.7123745819397993,0.27734375
GDS_R5,3,2,7,f1_macro,0.38643465909090907,0.4426018619697366,32,0.3,0.001,0.0001,32,0.5,relu,0.18171683389074694,0.7123745819397993,0.7207792207792207,0.7424749163879598,0.7314662273476112,0.38643465909090907
GDS_R5,3,3,7,f1_macro,0.2776686313032089,0.46015934830525246,32,0.3,0.001,0.0001,32,0.5,relu,0.19079685746352412,0.7138047138047138,0.7138047138047138,0.7138047138047138,0.7138047138047139,0.2776686313032089
GDS_R5,3,1,8,f1_macro,0.28118811881188116,0.4329079339568247,32,0.3,0.001,0.0,16,0.5,relu,0.18394648829431437,0.7123745819397993,0.7294520547945206,0.7123745819397993,0.7208121827411168,0.28118811881188116
GDS_R5,3,2,8,f1_macro,0.27734375,0.44805914753635456,32,0.3,0.001,0.0,16,0.5,relu,0.19175027870680045,0.7123745819397993,0.7123745819397993,0.7123745819397993,0.7123745819397993,0.27734375
GDS_R5,3,3,8,f1_macro,0.2776686313032089,0.44571863458706784,32,0.3,0.001,0.0,16,0.5,relu,0.19079685746352412,0.7138047138047138,0.7138047138047138,0.7138047138047138,0.7138047138047139,0.2776686313032089
GDS_R5,3,1,9,f1_macro,0.3761091820987654,0.45535091505754716,32,0.3,0.001,0.0,32,0.4,relu,0.18617614269788182,0.7123745819397993,0.7129032258064516,0.7391304347826086,0.7257799671592775,0.3761091820987654
GDS_R5,3,2,9,f1_macro,0.38643465909090907,0.4666730179482658,32,0.3,0.001,0.0,32,0.4,relu,0.19286510590858416,0.7123745819397993,0.6981132075471698,0.7424749163879598,0.7196110210696919,0.38643465909090907
GDS_R5,3,3,9,f1_macro,0.31766863130320894,0.45449664540912793,32,0.3,0.001,0.0,32,0.4,relu,0.18855218855218855,0.7104377104377104,0.7142857142857143,0.7239057239057239,0.7190635451505017,0.31766863130320894
GDS_R5,3,1,10,f1_macro,0.28286852589641437,0.46255768905550043,32,0.3,0.001,0.0,32,0.6,relu,0.1806020066889632,0.7123745819397993,0.7370242214532872,0.7123745819397993,0.7244897959183674,0.28286852589641437
GDS_R5,3,2,10,f1_macro,0.2853279242731575,0.47266212285765064,32,0.3,0.001,0.0,32,0.6,relu,0.1750278706800446,0.705685618729097,0.7535714285714286,0.705685618729097,0.7288428324697754,0.2853279242731575
GDS_R5,3,3,10,f1_macro,0.28884325804243666,0.4612041240352452,32,0.3,0.001,0.0,32,0.6,relu,0.16835016835016836,0.7104377104377104,0.7672727272727272,0.7104377104377104,0.7377622377622376,0.28884325804243666
GDS_R5,3,1,11,f1_macro,0.27734375,0.44359881265851475,32,0.3,0.001,0.0,32,0.5,tanh,0.19175027870680045,0.7123745819397993,0.7123745819397993,0.7123745819397993,0.7123745819397993,0.27734375
GDS_R5,3,2,11,f1_macro,0.27734375,0.44716477834138296,32,0.3,0.001,0.0,32,0.5,tanh,0.19175027870680045,0.7123745819397993,0.7123745819397993,0.7123745819397993,0.7123745819397993,0.27734375
GDS_R5,3,3,11,f1_macro,0.27821522309711283,0.4542227398392349,32,0.3,0.001,0.0,32,0.5,tanh,0.18967452300785634,0.7138047138047138,0.7162162162162162,0.7138047138047138,0.7150084317032042,0.27821522309711283
GDS_R5,3,1,12,f1_macro,0.27734375,0.45536796998657636,32,0.3,0.001,0.0,32,0.5,leaky_relu,0.19175027870680045,0.7123745819397993,0.7123745819397993,0.7123745819397993,0.7123745819397993,0.27734375
GDS_R5,3,2,12,f1_macro,0.27734375,0.45652531457427364,32,0.3,0.001,0.0,32,0.5,leaky_relu,0.19175027870680045,0.7123745819397993,0.7123745819397993,0.7123745819397993,0.7123745819397993,0.27734375
GDS_R5,3,3,12,f1_macro,0.2776686313032089,0.466081876619205,32,0.3,0.001,0.0,32,0.5,leaky_relu,0.19079685746352412,0.7138047138047138,0.7138047138047138,0.7138047138047138,0.7138047138047139,0.2776686313032089
GDS_R5,4,1,1,f1_macro,0.27734375,0.4505439195001944,32,0.3,0.001,0.0,32,0.5,relu,0.19175027870680045,0.7123745819397993,0.7123745819397993,0.7123745819397993,0.7123745819397993,0.27734375
GDS_R5,4,2,1,f1_macro,0.27734375,0.45519577054122784,32,0.3,0.001,0.0,32,0.5,relu,0.19175027870680045,0.7123745819397993,0.7123745819397993,0.7123745819397993,0.7123745819397993,0.27734375
GDS_R5,4,3,1,f1_macro,0.2817460317460317,0.4586661919502909,32,0.3,0.001,0.0,32,0.5,relu,0.18232662192393737,0.714765100671141,0.7319587628865979,0.714765100671141,0.7232597623089982,0.2817460317460317
GDS_R5,4,1,2,f1_macro,0.27734375,0.47092990514820743,16,0.3,0.001,0.0,32,0.5,relu,0.19175027870680045,0.7123745819397993,0.7123745819397993,0.7123745819397993,0.7123745819397993,0.27734375
GDS_R5,4,2,2,f1_macro,0.2795275590551181,0.47644745904197244,16,0.3,0.001,0.0,32,0.5,relu,0.18729096989966554,0.7123745819397993,0.7220338983050848,0.7123745819397993,0.7171717171717171,0.2795275590551181
GDS_R5,4,3,2,f1_macro,0.27788649706457924,0.4743222965045916,16,0.3,0.001,0.0,32,0.5,relu,0.19015659955257272,0.714765100671141,0.714765100671141,0.714765100671141,0.7147651006711409,0.27788649706457924
GDS_R5,4,1,3,f1_macro,0.2776686313032089,0.4301571851499516,64,0.3,0.001,0.0,32,0.5,relu,0.19063545150501673,0.7090301003344481,0.7162162162162162,0.7090301003344481,0.7126050420168066,0.2776686313032089
GDS_R5,4,2,3,f1_macro,0.27734375,0.43832694186237786,64,0.3,0.001,0.0,32,0.5,relu,0.19175027870680045,0.7123745819397993,0.7123745819397993,0.7123745819397993,0.7123745819397993,0.27734375
GDS_R5,4,3,3,f1_macro,0.27788649706457924,0.4436315986823079,64,0.3,0.001,0.0,32,0.5,relu,0.19015659955257272,0.714765100671141,0.714765100671141,0.714765100671141,0.7147651006711409,0.27788649706457924
GDS_R5,4,1,4,f1_macro,0.27854785478547855,0.44414393920794604,32,0.2,0.001,0.0,32,0.5,relu,0.18840579710144928,0.705685618729097,0.7226027397260274,0.705685618729097,0.7140439932318104,0.27854785478547855
GDS_R5,4,2,4,f1_macro,0.27788649706457924,0.4434168833484202,32,0.2,0.001,0.0,32,0.5,relu,0.19063545150501673,0.7123745819397993,0.714765100671141,0.7123745819397993,0.7135678391959799,0.27788649706457924
GDS_R5,4,3,4,f1_macro,0.27788649706457924,0.44943256551605404,32,0.2,0.001,0.0,32,0.5,relu,0.19015659955257272,0.714765100671141,0.714765100671141,0.714765100671141,0.7147651006711409,0.27788649706457924
GDS_R5,4,1,5,f1_macro,0.27734375,0.4655564416892565,32,0.5,0.001,0.0,32,0.5,relu,0.19175027870680045,0.7123745819397993,0.7123745819397993,0.7123745819397993,0.7123745819397993,0.27734375
GDS_R5,4,2,5,f1_macro,0.27734375,0.463503300694365,32,0.5,0.001,0.0,32,0.5,relu,0.19175027870680045,0.7123745819397993,0.7123745819397993,0.7123745819397993,0.7123745819397993,0.27734375
GDS_R5,4,3,5,f1_macro,0.28400000000000003,0.46468593205097924,32,0.5,0.001,0.0,32,0.5,relu,0.17785234899328858,0.714765100671141,0.7421602787456446,0.714765100671141,0.7282051282051283,0.28400000000000003
GDS_R5,4,1,6,f1_macro,0.5139224512358841,0.36996482459943697,32,0.3,0.01,0.0,32,0.5,relu,0.1527313266443701,0.7658862876254181,0.77,0.7725752508361204,0.7712854757929882,0.5139224512358841
GDS_R5,4,2,6,f1_macro,0.5097064864506725,0.38340798259979514,32,0.3,0.01,0.0,32,0.5,relu,0.1516164994425864,0.7658862876254181,0.7762711864406779,0.7658862876254181,0.7710437710437711,0.5097064864506725
GDS_R5,4,3,6,f1_macro,0.5415245175416264,0.39435477420239146,32,0.3,0.01,0.0,32,0.5,relu,0.13646532438478748,0.785234899328859,0.7913907284768212,0.802013422818792,0.7966666666666666,0.5415245175416264
GDS_R5,4,1,7,f1_macro,0.2776686313032089,0.44865799284660235,32,0.3,0.001,0.0001,32,0.5,relu,0.19063545150501673,0.7090301003344481,0.7162162162162162,0.7090301003344481,0.7126050420168066,0.2776686313032089
GDS_R5,4,2,7,f1_macro,0.27734375,0.45310542626396894,32,0.3,0.001,0.0001,32,0.5,relu,0.19175027870680045,0.7123745819397993,0.7123745819397993,0.7123745819397993,0.7123745819397993,0.27734375
GDS_R5,4,3,7,f1_macro,0.27788649706457924,0.4551052760121017,32,0.3,0.001,0.0001,32,0.5,relu,0.19015659955257272,0.714765100671141,0.714765100671141,0.714765100671141,0.7147651006711409,0.27788649706457924
GDS_R5,4,1,8,f1_macro,0.2776686313032089,0.4290717251137074,32,0.3,0.001,0.0,16,0.5,relu,0.19063545150501673,0.7090301003344481,0.7162162162162162,0.7090301003344481,0.7126050420168066,0.2776686313032089
GDS_R5,4,2,8,f1_macro,0.2806324110671937,0.4254937359635754,32,0.3,0.001,0.0,16,0.5,relu,0.1850613154960981,0.7123745819397993,0.726962457337884,0.7123745819397993,0.7195945945945945,0.2806324110671937
GDS_R5,4,3,8,f1_macro,0.2823061630218688,0.4416496444705338,32,0.3,0.001,0.0,16,0.5,relu,0.18120805369127516,0.714765100671141,0.7344827586206897,0.714765100671141,0.7244897959183673,0.2823061630218688
GDS_R5,4,1,9,f1_macro,0.30455463435374147,0.4569551412583995,32,0.3,0.001,0.0,32,0.4,relu,0.1995540691192865,0.7090301003344481,0.6935483870967742,0.7190635451505016,0.7060755336617406,0.30455463435374147
GDS_R5,4,2,9,f1_macro,0.374313446969697,0.45115516697941116,32,0.3,0.001,0.0,32,0.4,relu,0.18729096989966554,0.7090301003344481,0.7106109324758842,0.7391304347826086,0.7245901639344263,0.374313446969697
GDS_R5,4,3,9,f1_macro,0.39693411611219825,0.45331843032884755,32,0.3,0.001,0.0,32,0.4,relu,0.18568232662192394,0.714765100671141,0.7101910828025477,0.7483221476510067,0.7287581699346405,0.39693411611219825
GDS_R5,4,1,10,f1_macro,0.2813333333333333,0.4459797427482541,32,0.3,0.001,0.0,32,0.6,relu,0.18283166109253066,0.705685618729097,0.735191637630662,0.705685618729097,0.720136518771331,0.2813333333333333
GDS_R5,4,2,10,f1_macro,0.28728522336769763,0.44740743977540304,32,0.3,0.001,0.0,32,0.6,relu,0.1705685618729097,0.6989966555183946,0.7683823529411765,0.6989966555183946,0.7320490367775832,0.28728522336769763
GDS_R5,4,3,10,f1_macro,0.2857142857142857,0.4598372136071374,32,0.3,0.001,0.0,32,0.6,relu,0.174496644295302,0.714765100671141,0.75,0.714765100671141,0.7319587628865979,0.2857142857142857
GDS_R5,4,1,11,f1_macro,0.27734375,0.4461247762243951,32,0.3,0.001,0.0,32,0.5,tanh,0.19175027870680045,0.7123745819397993,0.7123745819397993,0.7123745819397993,0.7123745819397993,0.27734375
GDS_R5,4,2,11,f1_macro,0.27734375,0.4384530468701917,32,0.3,0.001,0.0,32,0.5,tanh,0.19175027870680045,0.7123745819397993,0.7123745819397993,0.7123745819397993,0.7123745819397993,0.27734375
GDS_R5,4,3,11,f1_macro,0.28118811881188116,0.45872360597486084,32,0.3,0.001,0.0,32,0.5,tanh,0.19015659955257272,0.714765100671141,0.714765100671141,0.714765100671141,0.7147651006711409,0.28118811881188116
GDS_R5,4,1,12,f1_macro,0.27734375,0.4538184749820524,32,0.3,0.001,0.0,32,0.5,leaky_relu,0.19175027870680045,0.7123745819397993,0.7123745819397993,0.7123745819397993,0.7123745819397993,0.27734375
GDS_R5,4,2,12,f1_macro,0.27734375,0.45792961879391564,32,0.3,0.001,0.0,32,0.5,leaky_relu,0.19175027870680045,0.7123745819397993,0.7123745819397993,0.7123745819397993,0.7123745819397993,0.27734375
GDS_R5,4,3,12,f1_macro,0.27788649706457924,0.4682815306162754,32,0.3,0.001,0.0,32,0.5,leaky_relu,0.19015659955257272,0.714765100671141,0.714765100671141,0.714765100671141,0.7147651006711409,0.27788649706457924
GDS_R5,5,1,1,f1_macro,0.27734375,0.44631557659959314,32,0.3,0.001,0.0,32,0.5,relu,0.19175027870680045,0.7123745819397993,0.7123745819397993,0.7123745819397993,0.7123745819397993,0.27734375
GDS_R5,5,2,1,f1_macro,0.27734375,0.4402342053958804,32,0.3,0.001,0.0,32,0.5,relu,0.19175027870680045,0.7123745819397993,0.7123745819397993,0.7123745819397993,0.7123745819397993,0.27734375
GDS_R5,5,3,1,f1_macro,0.2795275590551181,0.4499628439196775,32,0.3,0.001,0.0,32,0.5,relu,0.18729096989966554,0.7123745819397993,0.7220338983050848,0.7123745819397993,0.7171717171717171,0.2795275590551181
GDS_R5,5,1,2,f1_macro,0.27734375,0.4903814727845399,16,0.3,0.001,0.0,32,0.5,relu,0.19175027870680045,0.7123745819397993,0.7123745819397993,0.7123745819397993,0.7123745819397993,0.27734375
GDS_R5,5,2,2,f1_macro,0.27734375,0.5256007796147196,16,0.3,0.001,0.0,32,0.5,relu,0.19175027870680045,0.7123745819397993,0.7123745819397993,0.7123745819397993,0.7123745819397993,0.27734375
GDS_R5,5,3,2,f1_macro,0.27734375,0.4624683645656675,16,0.3,0.001,0.0,32,0.5,relu,0.19175027870680045,0.7123745819397993,0.7123745819397993,0.7123745819397993,0.7123745819397993,0.27734375
GDS_R5,5,1,3,f1_macro,0.2798679867986799,0.44307638520381126,64,0.3,0.001,0.0,32,0.5,relu,0.18617614269788182,0.7090301003344481,0.726027397260274,0.7090301003344481,0.7174280879864635,0.2798679867986799
GDS_R5,5,2,3,f1_macro,0.27897838899803534,0.4302918564117074,64,0.3,0.001,0.0,32,0.5,relu,0.18840579710144928,0.7123745819397993,0.7195945945945946,0.7123745819397993,0.7159663865546219,0.27897838899803534
GDS_R5,5,3,3,f1_macro,0.27734375,0.4335221175764715,64,0.3,0.001,0.0,32,0.5,relu,0.19175027870680045,0.7123745819397993,0.7123745819397993,0.7123745819397993,0.7123745819397993,0.27734375
GDS_R5,5,1,4,f1_macro,0.27734375,0.44696496302467525,32,0.2,0.001,0.0,32,0.5,relu,0.19175027870680045,0.7123745819397993,0.7123745819397993,0.7123745819397993,0.7123745819397993,0.27734375
GDS_R5,5,2,4,f1_macro,0.27734375,0.4415676455234604,32,0.2,0.001,0.0,32,0.5,relu,0.19175027870680045,0.7123745819397993,0.7123745819397993,0.7123745819397993,0.7123745819397993,0.27734375
GDS_R5,5,3,4,f1_macro,0.27734375,0.4511469119169242,32,0.2,0.001,0.0,32,0.5,relu,0.19175027870680045,0.7123745819397993,0.7123745819397993,0.7123745819397993,0.7123745819397993,0.27734375
GDS_R5,5,1,5,f1_macro,0.27734375,0.4504085005725108,32,0.5,0.001,0.0,32,0.5,relu,0.19175027870680045,0.7123745819397993,0.7123745819397993,0.7123745819397993,0.7123745819397993,0.27734375
GDS_R5,5,2,5,f1_macro,0.2795275590551181,0.44980279079647767,32,0.5,0.001,0.0,32,0.5,relu,0.18729096989966554,0.7123745819397993,0.7220338983050848,0.7123745819397993,0.7171717171717171,0.2795275590551181
GDS_R5,5,3,5,f1_macro,0.27734375,0.4707606111880529,32,0.5,0.001,0.0,32,0.5,relu,0.19175027870680045,0.7123745819397993,0.7123745819397993,0.7123745819397993,0.7123745819397993,0.27734375
GDS_R5,5,1,6,f1_macro,0.5125000000000001,0.3766425737369818,32,0.3,0.01,0.0,32,0.5,relu,0.14715719063545152,0.7759197324414716,0.7774086378737541,0.782608695652174,0.78,0.5125000000000001
GDS_R5,5,2,6,f1_macro,0.5082525407428586,0.38538940156183915,32,0.3,0.01,0.0,32,0.5,relu,0.14715719063545152,0.7658862876254181,0.7719869706840391,0.7926421404682275,0.7821782178217822,0.5082525407428586
GDS_R5,5,3,6,f1_macro,0.5147571223611397,0.3840144264658159,32,0.3,0.01,0.0,32,0.5,relu,0.14715719063545152,0.7759197324414716,0.7792642140468228,0.7792642140468228,0.7792642140468229,0.5147571223611397
GDS_R5,5,1,7,f1_macro,0.27734375,0.4488136942769373,32,0.3,0.001,0.0001,32,0.5,relu,0.19175027870680045,0.7123745819397993,0.7123745819397993,0.7123745819397993,0.7123745819397993,0.27734375
GDS_R5,5,2,7,f1_macro,0.27734375,0.45012317184221784,32,0.3,0.001,0.0001,32,0.5,relu,0.19175027870680045,0.7123745819397993,0.7123745819397993,0.7123745819397993,0.7123745819397993,0.27734375
GDS_R5,5,3,7,f1_macro,0.27734375,0.4491533725756068,32,0.3,0.001,0.0001,32,0.5,relu,0.19175027870680045,0.7123745819397993,0.7123745819397993,0.7123745819397993,0.7123745819397993,0.27734375
GDS_R5,5,1,8,f1_macro,0.27734375,0.4486317668969815,32,0.3,0.001,0.0,16,0.5,relu,0.19175027870680045,0.7123745819397993,0.7123745819397993,0.7123745819397993,0.7123745819397993,0.27734375
GDS_R5,5,2,8,f1_macro,0.33067708333333334,0.4267070278475516,32,0.3,0.001,0.0,16,0.5,relu,0.18729096989966554,0.7123745819397993,0.7161716171617162,0.725752508361204,0.7209302325581395,0.33067708333333334
GDS_R5,5,3,8,f1_macro,0.28118811881188116,0.42752378341744973,32,0.3,0.001,0.0,16,0.5,relu,0.18394648829431437,0.7123745819397993,0.7294520547945206,0.7123745819397993,0.7208121827411168,0.28118811881188116
GDS_R5,5,1,9,f1_macro,0.3922862787356322,0.44875121325952155,32,0.3,0.001,0.0,32,0.4,relu,0.19175027870680045,0.705685618729097,0.6990595611285266,0.745819397993311,0.7216828478964401,0.3922862787356322
GDS_R5,5,2,9,f1_macro,0.3761091820987654,0.45093748740926637,32,0.3,0.001,0.0,32,0.4,relu,0.19063545150501673,0.7090301003344481,0.7038216560509554,0.7391304347826086,0.7210440456769983,0.3761091820987654
GDS_R5,5,3,9,f1_macro,0.27734375,0.4510641826634423,32,0.3,0.001,0.0,32,0.4,relu,0.19175027870680045,0.7123745819397993,0.7123745819397993,0.7123745819397993,0.7123745819397993,0.27734375
GDS_R5,5,1,10,f1_macro,0.289073305670816,0.4620448125644671,32,0.3,0.001,0.0,32,0.6,relu,0.16722408026755853,0.6989966555183946,0.7769516728624535,0.6989966555183946,0.7359154929577464,0.289073305670816
GDS_R5,5,2,10,f1_macro,0.2817460317460317,0.43587419281037754,32,0.3,0.001,0.0,32,0.6,relu,0.18283166109253066,0.7123745819397993,0.7319587628865979,0.7123745819397993,0.7220338983050848,0.2817460317460317
GDS_R5,5,3,10,f1_macro,0.2874493927125506,0.4623041416091664,32,0.3,0.001,0.0,32,0.6,relu,0.1716833890746934,0.7123745819397993,0.7580071174377224,0.7123745819397993,0.7344827586206896,0.2874493927125506
GDS_R5,5,1,11,f1_macro,0.27734375,0.4465511772146193,32,0.3,0.001,0.0,32,0.5,tanh,0.19175027870680045,0.7123745819397993,0.7123745819397993,0.7123745819397993,0.7123745819397993,0.27734375
GDS_R5,5,2,11,f1_macro,0.27734375,0.442426168300635,32,0.3,0.001,0.0,32,0.5,tanh,0.19175027870680045,0.7123745819397993,0.7123745819397993,0.7123745819397993,0.7123745819397993,0.27734375
GDS_R5,5,3,11,f1_macro,0.28118811881188116,0.43726749045394336,32,0.3,0.001,0.0,32,0.5,tanh,0.18394648829431437,0.7123745819397993,0.7294520547945206,0.7123745819397993,0.7208121827411168,0.28118811881188116
GDS_R5,5,1,12,f1_macro,0.27734375,0.4547907569535999,32,0.3,0.001,0.0,32,0.5,leaky_relu,0.19175027870680045,0.7123745819397993,0.7123745819397993,0.7123745819397993,0.7123745819397993,0.27734375
GDS_R5,5,2,12,f1_macro,0.27734375,0.45844971665171874,32,0.3,0.001,0.0,32,0.5,leaky_relu,0.19175027870680045,0.7123745819397993,0.7123745819397993,0.7123745819397993,0.7123745819397993,0.27734375
GDS_R5,5,3,12,f1_macro,0.27734375,0.45678880661227633,32,0.3,0.001,0.0,32,0.5,leaky_relu,0.19175027870680045,0.7123745819397993,0.7123745819397993,0.7123745819397993,0.7123745819397993,0.27734375
